TweetID,CreationTime,Followers,Followed,GeoTagged,TotalTweets,TwitterAge,nHashTags,nMentions,nUrls,Verified,Label,nRetweets,nLikes,DeltaSeconds
451187618697736192,Wed Apr 02 02:41:25 +0000 2014,515,241,True,8624,3027,1,1,1,False,sympathy_and_emotional_support,281,0,0
451187621843070976,Wed Apr 02 02:41:26 +0000 2014,122,474,False,856,2526,2,2,1,False,sympathy_and_emotional_support,149,0,1
451187637437476865,Wed Apr 02 02:41:30 +0000 2014,1049,2115,False,14135,3382,2,2,1,False,not_related_or_irrelevant,149,0,5
451187637463031808,Wed Apr 02 02:41:30 +0000 2014,1220,1228,False,214862,2492,2,2,0,False,not_related_or_irrelevant,148,0,5
451187646602047488,Wed Apr 02 02:41:32 +0000 2014,6729,21,False,421981,2682,1,1,1,False,not_related_or_irrelevant,1,0,7
451187647226998784,Wed Apr 02 02:41:32 +0000 2014,183,52,True,1291,3007,2,2,1,False,sympathy_and_emotional_support,149,0,7
451187650439815168,Wed Apr 02 02:41:33 +0000 2014,540,296,True,28947,3115,1,1,0,False,sympathy_and_emotional_support,34,0,8
451187659151400961,Wed Apr 02 02:41:35 +0000 2014,234,368,True,8876,2264,1,1,1,False,sympathy_and_emotional_support,281,0,10
451187659709235200,Wed Apr 02 02:41:35 +0000 2014,118,482,False,2345,2566,1,1,1,False,not_related_or_irrelevant,59,0,10
451187660858462208,Wed Apr 02 02:41:35 +0000 2014,1368,1884,False,4703,2881,1,1,0,False,not_related_or_irrelevant,68,0,10
451187669251280896,Wed Apr 02 02:41:37 +0000 2014,1443,1515,False,17082,2494,2,2,1,False,sympathy_and_emotional_support,149,0,12
451187684237910017,Wed Apr 02 02:41:41 +0000 2014,7543,5322,True,393279,3297,1,1,1,False,sympathy_and_emotional_support,281,0,16
451187686075039744,Wed Apr 02 02:41:41 +0000 2014,2461,511,False,84342,3262,2,1,0,False,sympathy_and_emotional_support,96,0,16
451187698309406720,Wed Apr 02 02:41:44 +0000 2014,452,1416,False,7390,3007,1,1,0,False,sympathy_and_emotional_support,2,0,19
451187699374780416,Wed Apr 02 02:41:44 +0000 2014,347,292,True,24930,2404,2,2,0,False,sympathy_and_emotional_support,148,0,19
451187700436324352,Wed Apr 02 02:41:45 +0000 2014,4634,5084,True,37043,3513,1,1,1,False,sympathy_and_emotional_support,281,0,20
451187710049652736,Wed Apr 02 02:41:47 +0000 2014,400,1954,True,1522,1721,1,0,0,False,sympathy_and_emotional_support,0,0,22
451187710854967296,Wed Apr 02 02:41:47 +0000 2014,44,149,True,1204,1892,2,1,0,False,sympathy_and_emotional_support,172,0,22
451187717183795200,Wed Apr 02 02:41:49 +0000 2014,1701,3697,False,22910,3392,2,1,0,False,sympathy_and_emotional_support,0,0,24
451187719767474176,Wed Apr 02 02:41:49 +0000 2014,5192,1527,True,28805,3611,2,1,1,True,sympathy_and_emotional_support,362,0,24
451187722493779970,Wed Apr 02 02:41:50 +0000 2014,76893,11991,True,63679,3248,2,1,1,False,not_related_or_irrelevant,362,0,25
451187726402867200,Wed Apr 02 02:41:51 +0000 2014,558,1241,True,5478,2289,2,1,1,False,donation_needs_or_offers_or_volunteering_services,362,0,26
451187729976397824,Wed Apr 02 02:41:52 +0000 2014,1571,1740,True,19284,2658,1,1,0,False,sympathy_and_emotional_support,0,0,27
451187734736928768,Wed Apr 02 02:41:53 +0000 2014,2041,450,True,2651,3039,1,0,0,False,sympathy_and_emotional_support,0,4,28
451187741326192640,Wed Apr 02 02:41:54 +0000 2014,22658,24835,True,341503,3489,1,1,1,False,sympathy_and_emotional_support,281,0,29
451187741754417153,Wed Apr 02 02:41:54 +0000 2014,418,874,True,2087,3195,1,0,0,False,sympathy_and_emotional_support,0,0,29
451187749077663744,Wed Apr 02 02:41:56 +0000 2014,1308,1555,False,6627,3177,2,1,0,False,not_related_or_irrelevant,0,0,31
451187753904910336,Wed Apr 02 02:41:57 +0000 2014,353,792,True,1049,2051,2,0,0,False,sympathy_and_emotional_support,0,0,32
451187754693443584,Wed Apr 02 02:41:58 +0000 2014,998,1994,False,212315,3211,2,1,1,False,not_related_or_irrelevant,362,0,33
451187757524987904,Wed Apr 02 02:41:58 +0000 2014,116,86,False,6924,2211,3,1,0,False,sympathy_and_emotional_support,71,0,33
451187762436116481,Wed Apr 02 02:41:59 +0000 2014,282,455,False,3936,2371,2,1,1,False,sympathy_and_emotional_support,362,0,34
451187762603900928,Wed Apr 02 02:41:59 +0000 2014,48,45,False,1235,1561,2,1,0,False,sympathy_and_emotional_support,89,0,34
451187764261040128,Wed Apr 02 02:42:00 +0000 2014,1082,422,False,139233,3345,3,1,0,False,sympathy_and_emotional_support,51,0,35
451187774557650944,Wed Apr 02 02:42:02 +0000 2014,4479,1518,False,347330,3163,1,0,1,False,sympathy_and_emotional_support,0,0,37
451187774771953664,Wed Apr 02 02:42:02 +0000 2014,3594,4776,False,40622,3360,3,2,0,False,sympathy_and_emotional_support,0,0,37
451187785857114112,Wed Apr 02 02:42:05 +0000 2014,232,2011,True,5631,4028,2,2,0,False,not_related_or_irrelevant,24,0,40
451187786821816321,Wed Apr 02 02:42:05 +0000 2014,4566,962,False,2940647,3069,1,0,1,False,sympathy_and_emotional_support,0,0,40
451187787199311872,Wed Apr 02 02:42:05 +0000 2014,294,100,True,21162,2035,2,2,0,False,sympathy_and_emotional_support,148,0,40
451187797890973696,Wed Apr 02 02:42:08 +0000 2014,1810,504,True,29131,2327,2,2,0,False,sympathy_and_emotional_support,148,0,43
451187800902094848,Wed Apr 02 02:42:09 +0000 2014,20321,537,True,23016,3148,1,1,0,True,not_related_or_irrelevant,68,0,44
451187804001665024,Wed Apr 02 02:42:09 +0000 2014,1712,946,False,300898,3367,2,2,0,False,sympathy_and_emotional_support,148,0,44
451187804056592384,Wed Apr 02 02:42:09 +0000 2014,92,108,True,9607,2731,1,1,1,False,sympathy_and_emotional_support,281,0,44
451187806509862912,Wed Apr 02 02:42:10 +0000 2014,3395,3225,True,341265,2283,2,2,0,False,not_related_or_irrelevant,3,0,45
451187806954479616,Wed Apr 02 02:42:10 +0000 2014,344,814,True,17120,3138,1,1,1,False,not_related_or_irrelevant,281,0,45
451187810079625216,Wed Apr 02 02:42:11 +0000 2014,381,350,True,23268,3390,1,1,0,False,not_related_or_irrelevant,2,0,46
451187810179899392,Wed Apr 02 02:42:11 +0000 2014,662,624,False,163565,2544,1,1,1,False,not_related_or_irrelevant,281,0,46
451187810771288064,Wed Apr 02 02:42:11 +0000 2014,1723,61,False,399,1999,2,2,1,False,not_related_or_irrelevant,149,0,46
451187814399373312,Wed Apr 02 02:42:12 +0000 2014,46,176,True,3258,1644,1,1,1,False,not_related_or_irrelevant,54,0,47
451187821483524096,Wed Apr 02 02:42:13 +0000 2014,2935,3662,False,17151,2442,2,1,1,False,sympathy_and_emotional_support,44,0,48
451187826626150400,Wed Apr 02 02:42:15 +0000 2014,208,905,False,5075,1549,2,1,0,False,not_related_or_irrelevant,401,0,50
451187841004212224,Wed Apr 02 02:42:18 +0000 2014,842,2183,True,57709,3132,4,1,0,False,sympathy_and_emotional_support,28,0,53
451187846934581248,Wed Apr 02 02:42:20 +0000 2014,1360,1812,True,21680,2897,2,1,1,False,sympathy_and_emotional_support,362,0,55
451187849384439808,Wed Apr 02 02:42:20 +0000 2014,987,1214,False,1553,2763,5,0,0,False,sympathy_and_emotional_support,0,0,55
451187861685948416,Wed Apr 02 02:42:23 +0000 2014,4479,1518,False,347330,3163,1,1,0,False,sympathy_and_emotional_support,34,0,58
451187875963760642,Wed Apr 02 02:42:26 +0000 2014,295,936,True,1503,2121,1,1,1,False,sympathy_and_emotional_support,281,0,61
451187879180390400,Wed Apr 02 02:42:28 +0000 2014,1144,525,False,89592,1972,2,2,0,False,sympathy_and_emotional_support,148,0,63
451187879465603073,Wed Apr 02 02:42:27 +0000 2014,10,45,False,398,2873,2,1,1,False,sympathy_and_emotional_support,362,0,62
451187881940246528,Wed Apr 02 02:42:28 +0000 2014,417,993,False,19892,2678,2,2,0,False,not_related_or_irrelevant,148,0,63
451187882288349184,Wed Apr 02 02:42:28 +0000 2014,330,198,True,28247,2062,1,1,1,False,sympathy_and_emotional_support,10,0,63
451187886566547456,Wed Apr 02 02:42:29 +0000 2014,400,1619,True,57956,2064,1,1,1,False,not_related_or_irrelevant,281,0,64
451187895034863616,Wed Apr 02 02:42:31 +0000 2014,6709,7371,True,45404,1650,2,1,1,False,not_related_or_irrelevant,362,0,66
451187896410570752,Wed Apr 02 02:42:31 +0000 2014,864,1114,True,190105,2107,2,1,0,False,not_related_or_irrelevant,13,0,66
451187901767110657,Wed Apr 02 02:42:33 +0000 2014,29,98,False,120,1550,2,1,1,False,not_related_or_irrelevant,2,0,68
451187903951933440,Wed Apr 02 02:42:33 +0000 2014,875,1908,False,16164,1776,3,1,0,False,not_related_or_irrelevant,155,0,68
451187906854793216,Wed Apr 02 02:42:34 +0000 2014,1612,1278,True,6843,3609,2,1,1,False,sympathy_and_emotional_support,1,0,69
451187907613949952,Wed Apr 02 02:42:34 +0000 2014,50974,3278,True,52213,3303,2,1,1,True,not_related_or_irrelevant,10,1,69
451187909568520192,Wed Apr 02 02:42:34 +0000 2014,251,463,True,4614,2283,4,1,0,False,not_related_or_irrelevant,28,0,69
451187910964809729,Wed Apr 02 02:42:35 +0000 2014,132,276,True,4238,2634,2,2,1,False,not_related_or_irrelevant,149,0,70
451187912177385473,Wed Apr 02 02:42:35 +0000 2014,18573,2433,True,17220,3245,2,1,0,True,not_related_or_irrelevant,172,0,70
451187914794622976,Wed Apr 02 02:42:36 +0000 2014,218,451,True,9718,2250,1,1,1,False,sympathy_and_emotional_support,155,0,71
451187926664495104,Wed Apr 02 02:42:39 +0000 2014,457,1554,True,41613,2944,4,1,0,False,sympathy_and_emotional_support,28,0,74
451187936298422272,Wed Apr 02 02:42:41 +0000 2014,83,562,True,747,2271,1,0,1,False,not_related_or_irrelevant,0,0,76
451187962298908673,Wed Apr 02 02:42:47 +0000 2014,206,1927,True,373,2148,1,1,1,False,sympathy_and_emotional_support,63,0,82
451187963758534656,Wed Apr 02 02:42:47 +0000 2014,72,446,False,76,3151,2,1,1,False,sympathy_and_emotional_support,362,0,82
451187964216111104,Wed Apr 02 02:42:47 +0000 2014,3594,4776,False,40622,3360,3,2,0,False,sympathy_and_emotional_support,0,0,82
451187973590364160,Wed Apr 02 02:42:50 +0000 2014,1082,422,False,139233,3345,2,2,0,False,sympathy_and_emotional_support,24,0,85
451187979860836352,Wed Apr 02 02:42:51 +0000 2014,3566,3916,True,2992,2497,2,1,1,False,sympathy_and_emotional_support,362,0,86
451187985938403328,Wed Apr 02 02:42:53 +0000 2014,8,85,False,10,1956,1,0,0,False,not_related_or_irrelevant,0,0,88
451187987641294848,Wed Apr 02 02:42:53 +0000 2014,330,308,True,3471,3038,2,1,0,False,not_related_or_irrelevant,98,0,88
451187995736276992,Wed Apr 02 02:42:55 +0000 2014,22798,25079,True,161974,3314,2,1,0,False,sympathy_and_emotional_support,1,0,90
451187998022205440,Wed Apr 02 02:42:56 +0000 2014,1844,1807,True,67370,3551,4,1,0,False,sympathy_and_emotional_support,28,0,91
451188002010570753,Wed Apr 02 02:42:57 +0000 2014,786,2504,True,12747,2966,1,1,1,False,sympathy_and_emotional_support,281,0,92
451188032247324672,Wed Apr 02 02:43:04 +0000 2014,1920,1900,True,143285,1703,2,2,0,False,not_related_or_irrelevant,148,0,99
451188032498962432,Wed Apr 02 02:43:04 +0000 2014,25593,4661,True,19772,3314,2,0,0,True,not_related_or_irrelevant,8,3,99
451188033342025729,Wed Apr 02 02:43:04 +0000 2014,1300,1222,True,168736,3341,2,1,1,False,sympathy_and_emotional_support,362,0,99
451188033766043648,Wed Apr 02 02:43:04 +0000 2014,454,332,True,66774,2672,2,2,0,False,sympathy_and_emotional_support,148,0,99
451188034403201025,Wed Apr 02 02:43:04 +0000 2014,221,380,True,2841,3068,1,1,0,False,not_related_or_irrelevant,314,0,99
451188035787292673,Wed Apr 02 02:43:05 +0000 2014,1197,3737,True,17007,3184,1,1,1,False,sympathy_and_emotional_support,281,0,100
451188036282241026,Wed Apr 02 02:43:05 +0000 2014,59,27,False,1670,2761,1,1,1,False,sympathy_and_emotional_support,281,0,100
451188049733771265,Wed Apr 02 02:43:08 +0000 2014,250,908,True,6191,2661,2,1,0,False,not_related_or_irrelevant,5,0,103
451188051071762432,Wed Apr 02 02:43:08 +0000 2014,1233,2104,True,27720,2930,1,1,0,False,not_related_or_irrelevant,2,0,103
451188053626064896,Wed Apr 02 02:43:09 +0000 2014,24,183,True,9908,1672,1,1,1,False,sympathy_and_emotional_support,281,0,104
451188055186374656,Wed Apr 02 02:43:09 +0000 2014,423,166,True,62380,2915,2,1,0,False,sympathy_and_emotional_support,0,0,104
451188057719709696,Wed Apr 02 02:43:10 +0000 2014,406,750,True,29874,2225,2,2,0,False,not_related_or_irrelevant,148,0,105
451188060172988416,Wed Apr 02 02:43:10 +0000 2014,3594,3683,True,8910,2793,2,3,0,False,not_related_or_irrelevant,9,0,105
451188062718918656,Wed Apr 02 02:43:11 +0000 2014,2247,2622,True,26282,3463,1,2,0,False,not_related_or_irrelevant,15,0,106
451188066191806464,Wed Apr 02 02:43:12 +0000 2014,3049,775,True,59024,2540,2,2,1,False,sympathy_and_emotional_support,149,0,107
451188070591643648,Wed Apr 02 02:43:13 +0000 2014,135,153,True,3277,2660,1,1,1,False,not_related_or_irrelevant,11,0,108
451188072202637313,Wed Apr 02 02:43:13 +0000 2014,718,1457,False,31054,2128,2,2,0,False,not_related_or_irrelevant,1,0,108
451188088329342976,Wed Apr 02 02:43:17 +0000 2014,13729,12064,False,178004,3575,2,2,0,True,sympathy_and_emotional_support,148,0,112
451188091210850304,Wed Apr 02 02:43:18 +0000 2014,2303,1165,False,24618,2269,2,2,0,False,sympathy_and_emotional_support,148,0,113
451188093539078145,Wed Apr 02 02:43:18 +0000 2014,503,990,True,6408,2759,2,1,1,False,not_related_or_irrelevant,362,0,113
451188097980452864,Wed Apr 02 02:43:19 +0000 2014,722,797,True,38065,3286,1,0,1,False,sympathy_and_emotional_support,0,0,114
451188101377843200,Wed Apr 02 02:43:20 +0000 2014,154,158,True,4551,3611,3,1,0,False,not_related_or_irrelevant,86,0,115
451188115034501121,Wed Apr 02 02:43:23 +0000 2014,1079,2399,True,12732,3182,2,2,1,False,not_related_or_irrelevant,149,0,118
451188117504942080,Wed Apr 02 02:43:24 +0000 2014,3923,5001,False,30200,2230,2,1,0,False,sympathy_and_emotional_support,5,0,119
451188124480049152,Wed Apr 02 02:43:26 +0000 2014,1406,725,True,12357,2355,2,1,0,False,sympathy_and_emotional_support,401,0,121
451188133371969536,Wed Apr 02 02:43:28 +0000 2014,1873,497,True,23261,3323,2,0,0,False,not_related_or_irrelevant,1,0,123
451188136215719936,Wed Apr 02 02:43:29 +0000 2014,1574,1583,False,198356,3057,3,1,0,False,not_related_or_irrelevant,0,0,124
451188144172716032,Wed Apr 02 02:43:30 +0000 2014,1688,2007,True,82297,3414,2,2,0,False,sympathy_and_emotional_support,148,0,125
451188159242465280,Wed Apr 02 02:43:34 +0000 2014,7139,499,False,27905,3283,1,1,0,False,sympathy_and_emotional_support,68,0,129
451188164074291200,Wed Apr 02 02:43:35 +0000 2014,115,415,True,1171,1843,1,0,0,False,not_related_or_irrelevant,0,0,130
451188164535652352,Wed Apr 02 02:43:35 +0000 2014,2351,1795,True,12548,3018,1,1,0,False,not_related_or_irrelevant,61,0,130
451188173914529792,Wed Apr 02 02:43:38 +0000 2014,573,518,False,2178,2048,1,3,0,False,sympathy_and_emotional_support,251,0,133
451188175671918592,Wed Apr 02 02:43:38 +0000 2014,718,1457,False,31054,2128,2,1,1,False,sympathy_and_emotional_support,362,0,133
451188178545016832,Wed Apr 02 02:43:39 +0000 2014,451,1004,True,9564,2063,1,1,1,False,sympathy_and_emotional_support,281,0,134
451188178875981825,Wed Apr 02 02:43:39 +0000 2014,612,709,True,2492,2343,1,1,1,False,sympathy_and_emotional_support,54,0,134
451188193149214721,Wed Apr 02 02:43:42 +0000 2014,183,949,True,2762,2384,2,2,1,False,sympathy_and_emotional_support,0,0,137
451188196257562624,Wed Apr 02 02:43:43 +0000 2014,444,722,True,30603,3300,1,1,1,False,not_related_or_irrelevant,281,0,138
451188204549332992,Wed Apr 02 02:43:45 +0000 2014,305,2081,False,7554,3350,1,1,0,False,sympathy_and_emotional_support,68,0,140
451188210539167744,Wed Apr 02 02:43:46 +0000 2014,1095,2245,False,39149,1524,1,1,1,False,not_related_or_irrelevant,155,0,141
451188212405260288,Wed Apr 02 02:43:47 +0000 2014,79,280,True,1267,3159,1,1,1,False,not_related_or_irrelevant,281,0,142
451188227035381760,Wed Apr 02 02:43:50 +0000 2014,314,308,True,18068,2552,3,0,0,False,sympathy_and_emotional_support,0,0,145
451188228381356032,Wed Apr 02 02:43:50 +0000 2014,30,34,False,603,2491,3,0,0,False,sympathy_and_emotional_support,82,0,145
451188236510306304,Wed Apr 02 02:43:52 +0000 2014,1861,1219,True,100993,2635,1,1,0,False,sympathy_and_emotional_support,68,0,147
451188243888082944,Wed Apr 02 02:43:54 +0000 2014,354,722,True,3454,3101,1,1,1,False,not_related_or_irrelevant,281,0,149
451188250091065344,Wed Apr 02 02:43:56 +0000 2014,351,340,False,618053,3366,1,1,0,False,not_related_or_irrelevant,314,0,151
451188250108243968,Wed Apr 02 02:43:56 +0000 2014,56,62,False,2160,2704,3,0,0,False,not_related_or_irrelevant,0,0,151
451188254272806913,Wed Apr 02 02:43:57 +0000 2014,807,998,False,68817,2718,2,1,1,False,not_related_or_irrelevant,44,0,152
451188261952569344,Wed Apr 02 02:43:59 +0000 2014,380,314,True,23769,2921,1,1,1,False,not_related_or_irrelevant,281,0,154
451188262694952960,Wed Apr 02 02:43:59 +0000 2014,1680,5004,False,195361,3364,2,1,0,False,not_related_or_irrelevant,5,0,154
451188263714168832,Wed Apr 02 02:43:59 +0000 2014,698,711,False,189651,3375,4,1,0,False,sympathy_and_emotional_support,5,0,154
451188267149312000,Wed Apr 02 02:44:00 +0000 2014,1155,1090,True,5609,2866,1,0,1,False,sympathy_and_emotional_support,2,0,155
451188277211856897,Wed Apr 02 02:44:02 +0000 2014,47,108,True,808,2639,1,1,1,False,sympathy_and_emotional_support,281,0,157
451188277861576704,Wed Apr 02 02:44:02 +0000 2014,1139,2402,True,1488,3439,2,1,1,False,not_related_or_irrelevant,44,0,157
451188280252321792,Wed Apr 02 02:44:03 +0000 2014,94,839,True,4075,2386,2,0,0,False,not_related_or_irrelevant,0,0,158
451188281490038785,Wed Apr 02 02:44:03 +0000 2014,994,821,True,37965,2096,1,1,0,False,sympathy_and_emotional_support,2910,0,158
451188288339341312,Wed Apr 02 02:44:05 +0000 2014,199,356,True,1223,1805,2,1,0,False,sympathy_and_emotional_support,256,0,160
451188289156816896,Wed Apr 02 02:44:05 +0000 2014,174,309,False,7029,2913,2,2,1,False,sympathy_and_emotional_support,149,0,160
451188290008264705,Wed Apr 02 02:44:05 +0000 2014,43,106,False,2389,3314,1,1,0,False,not_related_or_irrelevant,314,0,160
451188292608749568,Wed Apr 02 02:44:06 +0000 2014,845,2957,False,255735,2308,2,2,0,False,sympathy_and_emotional_support,148,0,161
451188316986413056,Wed Apr 02 02:44:12 +0000 2014,324,526,False,11534,2570,2,2,0,False,sympathy_and_emotional_support,148,0,167
451188317673902080,Wed Apr 02 02:44:12 +0000 2014,17293,61,True,3699,3167,2,1,1,False,sympathy_and_emotional_support,362,0,167
451188319850737664,Wed Apr 02 02:44:12 +0000 2014,372,585,False,2840,2653,2,2,1,False,sympathy_and_emotional_support,149,0,167
451188320815443968,Wed Apr 02 02:44:13 +0000 2014,4717,3582,True,121540,3667,3,0,0,False,not_related_or_irrelevant,0,0,168
451188325311729664,Wed Apr 02 02:44:14 +0000 2014,1400227,463,True,42602,3405,2,1,0,True,sympathy_and_emotional_support,172,0,169
451188325429170176,Wed Apr 02 02:44:14 +0000 2014,46624,196,False,11068,2429,2,1,0,True,sympathy_and_emotional_support,172,0,169
451188328277086208,Wed Apr 02 02:44:14 +0000 2014,346,558,False,15456,2753,1,2,0,False,sympathy_and_emotional_support,15,0,169
451188331293200384,Wed Apr 02 02:44:15 +0000 2014,264,501,True,5225,2029,1,1,1,False,not_related_or_irrelevant,281,0,170
451188343083388928,Wed Apr 02 02:44:18 +0000 2014,36,268,True,268,3428,1,1,0,False,sympathy_and_emotional_support,146,0,173
451188355733409792,Wed Apr 02 02:44:21 +0000 2014,4731,2737,False,527478,2377,3,1,0,False,sympathy_and_emotional_support,6,0,176
451188361823547392,Wed Apr 02 02:44:22 +0000 2014,10849,10363,True,98966,2335,1,1,0,False,not_related_or_irrelevant,8,0,177
451188369448374273,Wed Apr 02 02:44:24 +0000 2014,706,222,True,62719,2649,2,2,1,False,sympathy_and_emotional_support,2,0,179
451188376754876416,Wed Apr 02 02:44:26 +0000 2014,1926,2429,True,21016,2258,1,1,0,False,sympathy_and_emotional_support,22,0,181
451188383633534976,Wed Apr 02 02:44:28 +0000 2014,1415,2008,False,8266,1818,2,1,1,False,sympathy_and_emotional_support,362,0,183
451188384514719744,Wed Apr 02 02:44:28 +0000 2014,18693,2440,False,108729,3231,2,2,1,False,not_related_or_irrelevant,10,0,183
451188384737017856,Wed Apr 02 02:44:28 +0000 2014,3537,3326,True,237167,2811,3,3,0,False,sympathy_and_emotional_support,23,0,183
451188390332231681,Wed Apr 02 02:44:29 +0000 2014,150,176,True,2329,3153,2,1,0,False,sympathy_and_emotional_support,96,0,184
451188395658575872,Wed Apr 02 02:44:30 +0000 2014,2060,2789,True,16593,2319,2,2,1,False,not_related_or_irrelevant,149,0,185
451188396526813185,Wed Apr 02 02:44:31 +0000 2014,325,369,False,8845,2261,6,1,0,False,sympathy_and_emotional_support,57,0,186
451188401094402048,Wed Apr 02 02:44:32 +0000 2014,58,71,False,218,2979,4,0,0,False,sympathy_and_emotional_support,0,0,187
451188401833013248,Wed Apr 02 02:44:32 +0000 2014,483,812,True,9671,3239,2,1,1,False,not_related_or_irrelevant,362,0,187
451188405058015232,Wed Apr 02 02:44:33 +0000 2014,351,340,False,618053,3366,1,1,1,False,sympathy_and_emotional_support,239,0,188
451188406060863488,Wed Apr 02 02:44:33 +0000 2014,502,608,True,17409,2538,2,2,0,False,sympathy_and_emotional_support,148,0,188
451188417377095680,Wed Apr 02 02:44:36 +0000 2014,5,108,False,100,3008,1,1,1,False,not_related_or_irrelevant,281,0,191
451188419868520449,Wed Apr 02 02:44:36 +0000 2014,1688,2007,True,82297,3414,1,2,0,False,sympathy_and_emotional_support,15,0,191
451188420044681217,Wed Apr 02 02:44:36 +0000 2014,678,1576,False,6995,2175,2,3,0,False,sympathy_and_emotional_support,2,0,191
451188421550428160,Wed Apr 02 02:44:37 +0000 2014,31,749,False,1823,2257,2,1,0,False,donation_needs_or_offers_or_volunteering_services,172,0,192
451188424511598592,Wed Apr 02 02:44:37 +0000 2014,169,252,True,4877,2608,2,0,1,False,sympathy_and_emotional_support,0,0,192
451188426440597504,Wed Apr 02 02:44:38 +0000 2014,2733,3106,False,43263,1846,1,2,0,False,sympathy_and_emotional_support,15,0,193
451188428399337472,Wed Apr 02 02:44:38 +0000 2014,361,923,True,726,1561,1,2,0,False,sympathy_and_emotional_support,2,0,193
451188449484505089,Wed Apr 02 02:44:43 +0000 2014,990,410,True,53720,3363,2,2,0,False,sympathy_and_emotional_support,148,0,198
451188451107676160,Wed Apr 02 02:44:44 +0000 2014,677,1479,True,10270,2681,2,1,1,False,sympathy_and_emotional_support,362,0,199
451188457566896129,Wed Apr 02 02:44:45 +0000 2014,845,963,True,107875,3349,1,1,0,False,sympathy_and_emotional_support,146,0,200
451188461836308480,Wed Apr 02 02:44:46 +0000 2014,112,404,True,4255,3347,0,1,0,False,not_related_or_irrelevant,86,0,201
451188472875741184,Wed Apr 02 02:44:49 +0000 2014,7712,8135,True,110613,1752,2,2,0,False,sympathy_and_emotional_support,3,0,204
451188475815923713,Wed Apr 02 02:44:49 +0000 2014,706,222,True,62719,2649,2,1,0,False,sympathy_and_emotional_support,4,0,204
451188492140163073,Wed Apr 02 02:44:53 +0000 2014,3177,2573,False,29503,2638,2,2,0,False,not_related_or_irrelevant,148,0,208
451188492559597568,Wed Apr 02 02:44:53 +0000 2014,2154,660,True,9980,2566,2,1,1,False,not_related_or_irrelevant,362,0,208
451188499040206848,Wed Apr 02 02:44:55 +0000 2014,695,1404,True,17544,2386,0,1,0,False,sympathy_and_emotional_support,86,0,210
451188505687760896,Wed Apr 02 02:44:57 +0000 2014,2630,2068,False,22164,3286,2,2,1,False,sympathy_and_emotional_support,149,0,212
451188509089345536,Wed Apr 02 02:44:57 +0000 2014,39954,788,False,22752,3212,3,0,1,False,not_related_or_irrelevant,10,4,212
451188511836602368,Wed Apr 02 02:44:58 +0000 2014,1014,941,False,25800,2236,0,1,0,False,sympathy_and_emotional_support,86,0,213
451188513392709632,Wed Apr 02 02:44:59 +0000 2014,1549,37,True,568,3049,2,2,1,False,not_related_or_irrelevant,149,0,214
451188515960025088,Wed Apr 02 02:44:59 +0000 2014,689,328,True,19866,2812,2,0,1,False,sympathy_and_emotional_support,0,0,214
451188516748156930,Wed Apr 02 02:44:59 +0000 2014,2682,1554,True,43217,2077,0,1,0,False,not_related_or_irrelevant,86,0,214
451188518732431360,Wed Apr 02 02:45:00 +0000 2014,6715,6707,False,12466,3015,1,1,1,False,sympathy_and_emotional_support,0,0,215
451188523677528064,Wed Apr 02 02:45:01 +0000 2014,8375,4587,True,27934,3414,1,0,1,True,sympathy_and_emotional_support,2,0,216
451188525103206402,Wed Apr 02 02:45:01 +0000 2014,181,392,True,227,3191,3,1,1,False,sympathy_and_emotional_support,298,0,216
451188529671180288,Wed Apr 02 02:45:02 +0000 2014,2599,2841,True,47295,3491,0,1,0,False,not_related_or_irrelevant,86,0,217
451188540874174465,Wed Apr 02 02:45:05 +0000 2014,26547,1360,True,20388,2905,1,1,1,False,sympathy_and_emotional_support,7,2,220
451188568493285378,Wed Apr 02 02:45:12 +0000 2014,39,103,False,414,1679,2,2,0,False,sympathy_and_emotional_support,90,0,227
451188571735465984,Wed Apr 02 02:45:12 +0000 2014,1146,1776,False,7502,3065,2,2,1,False,not_related_or_irrelevant,149,0,227
451188580871069696,Wed Apr 02 02:45:15 +0000 2014,13251,14164,False,190096,1828,4,1,1,False,not_related_or_irrelevant,0,0,230
451188581231362048,Wed Apr 02 02:45:15 +0000 2014,351,340,False,618053,3366,1,1,1,False,not_related_or_irrelevant,281,0,230
451188582703968257,Wed Apr 02 02:45:15 +0000 2014,251,517,True,6900,2218,3,1,0,False,sympathy_and_emotional_support,125,0,230
451188583643496448,Wed Apr 02 02:45:15 +0000 2014,711,1877,True,2485,3682,4,0,0,False,sympathy_and_emotional_support,0,6,230
451188585920606208,Wed Apr 02 02:45:16 +0000 2014,3996,3581,False,86519,2567,3,0,0,False,sympathy_and_emotional_support,82,0,231
451188592183115776,Wed Apr 02 02:45:17 +0000 2014,7243,70,False,5073,1649,2,1,1,False,sympathy_and_emotional_support,7,1,232
451188596448325632,Wed Apr 02 02:45:18 +0000 2014,399,299,True,76415,3252,2,2,0,False,not_related_or_irrelevant,148,0,233
451188598541262848,Wed Apr 02 02:45:19 +0000 2014,76,249,False,227,3454,1,1,1,False,not_related_or_irrelevant,281,0,234
451188615562149888,Wed Apr 02 02:45:23 +0000 2014,556,1194,False,2294,3254,1,1,1,False,not_related_or_irrelevant,128,0,238
451188618673917955,Wed Apr 02 02:45:24 +0000 2014,766,806,True,65722,2477,2,1,0,False,sympathy_and_emotional_support,172,0,239
451188621786509313,Wed Apr 02 02:45:24 +0000 2014,8217,2092,True,33772,3160,2,2,1,True,sympathy_and_emotional_support,7,0,239
451188626089865217,Wed Apr 02 02:45:25 +0000 2014,22171,2069,False,95630,3875,2,2,1,True,sympathy_and_emotional_support,7,0,240
451188639708745729,Wed Apr 02 02:45:29 +0000 2014,1378,10,False,42859,2308,3,0,1,False,not_related_or_irrelevant,0,0,244
451188643177066496,Wed Apr 02 02:45:29 +0000 2014,1858,372,True,76009,2346,1,1,1,False,sympathy_and_emotional_support,54,0,244
451188644334686208,Wed Apr 02 02:45:30 +0000 2014,2154,660,True,9980,2566,2,3,1,False,sympathy_and_emotional_support,15,0,245
451188648973574144,Wed Apr 02 02:45:31 +0000 2014,962,1060,False,2934,2771,2,1,1,False,sympathy_and_emotional_support,362,0,246
451188659824631808,Wed Apr 02 02:45:33 +0000 2014,837,1894,False,16185,1702,3,0,0,False,not_related_or_irrelevant,1,1,248
451188660491153408,Wed Apr 02 02:45:34 +0000 2014,222,955,False,23701,2663,0,1,0,False,not_related_or_irrelevant,86,0,249
451188665834680320,Wed Apr 02 02:45:35 +0000 2014,288,742,False,10104,3122,2,1,0,False,sympathy_and_emotional_support,80,0,250
451188681827946496,Wed Apr 02 02:45:39 +0000 2014,1133,638,True,57994,2284,1,0,0,False,not_related_or_irrelevant,0,0,254
451188683723386880,Wed Apr 02 02:45:39 +0000 2014,3216,3215,True,229308,3131,3,2,0,False,sympathy_and_emotional_support,5,0,254
451188687284346880,Wed Apr 02 02:45:40 +0000 2014,141,318,True,4773,2288,1,1,0,False,sympathy_and_emotional_support,8,0,255
451188693181943809,Wed Apr 02 02:45:41 +0000 2014,63,240,False,2005,2640,2,1,0,False,sympathy_and_emotional_support,98,0,256
451188693924323328,Wed Apr 02 02:45:42 +0000 2014,368,631,True,7631,2647,1,1,0,False,not_related_or_irrelevant,2,0,257
451188697099403265,Wed Apr 02 02:45:42 +0000 2014,121,388,True,186,2775,1,1,1,False,not_related_or_irrelevant,281,0,257
451188707706814464,Wed Apr 02 02:45:45 +0000 2014,148,273,True,2304,2446,2,2,0,False,not_related_or_irrelevant,5,0,260
451188715247775744,Wed Apr 02 02:45:47 +0000 2014,341,286,False,61440,3438,2,1,1,False,not_related_or_irrelevant,124,0,262
451188716065665025,Wed Apr 02 02:45:47 +0000 2014,224405,69,False,28449,2597,0,1,0,False,not_related_or_irrelevant,86,0,262
451188718011838464,Wed Apr 02 02:45:47 +0000 2014,582822,163,True,35462,3240,1,0,1,True,sympathy_and_emotional_support,0,0,262
451188721140772864,Wed Apr 02 02:45:48 +0000 2014,3966,4980,True,23895,2038,1,2,0,False,sympathy_and_emotional_support,7,0,263
451188724647202816,Wed Apr 02 02:45:49 +0000 2014,143,73,True,13882,2508,2,2,0,False,not_related_or_irrelevant,148,0,264
451188725322481664,Wed Apr 02 02:45:49 +0000 2014,170,601,False,12080,2639,1,1,1,False,sympathy_and_emotional_support,281,0,264
451188727713247232,Wed Apr 02 02:45:50 +0000 2014,26,113,False,20,1529,1,0,0,False,not_related_or_irrelevant,0,0,265
451188730875760640,Wed Apr 02 02:45:50 +0000 2014,817,2135,True,6044,3917,2,1,0,False,not_related_or_irrelevant,172,0,265
451188748689354752,Wed Apr 02 02:45:55 +0000 2014,91,944,False,2414,3011,2,1,0,False,sympathy_and_emotional_support,172,0,270
451188754875547648,Wed Apr 02 02:45:56 +0000 2014,8709,2832,True,118002,3359,2,1,0,False,sympathy_and_emotional_support,41,0,271
451188756893413376,Wed Apr 02 02:45:57 +0000 2014,3399,3635,False,71986,3145,2,2,1,False,sympathy_and_emotional_support,10,0,272
451188766942965761,Wed Apr 02 02:45:59 +0000 2014,359,361,False,86217,2885,0,1,0,False,not_related_or_irrelevant,86,0,274
451188772542357504,Wed Apr 02 02:46:00 +0000 2014,914,2119,True,13809,3049,1,0,0,False,sympathy_and_emotional_support,0,0,275
451188780935172096,Wed Apr 02 02:46:02 +0000 2014,32378,17778,False,243623,3364,3,0,1,False,sympathy_and_emotional_support,0,0,277
451188787872141313,Wed Apr 02 02:46:04 +0000 2014,7197,330,True,56783,2607,1,2,0,False,sympathy_and_emotional_support,15,0,279
451188788622929920,Wed Apr 02 02:46:04 +0000 2014,560,531,False,1477,3259,1,0,1,False,sympathy_and_emotional_support,0,0,279
451188795212578816,Wed Apr 02 02:46:06 +0000 2014,2797,221,True,9043,2696,1,1,0,False,sympathy_and_emotional_support,27,0,281
451188796759875585,Wed Apr 02 02:46:06 +0000 2014,861,622,True,222709,3413,2,2,0,False,sympathy_and_emotional_support,148,0,281
451188797494284288,Wed Apr 02 02:46:06 +0000 2014,1554083,1392,True,101913,3430,0,1,0,True,not_related_or_irrelevant,86,0,281
451188798064693248,Wed Apr 02 02:46:06 +0000 2014,539,427,True,47121,3001,1,1,1,False,not_related_or_irrelevant,281,0,281
451188799012634626,Wed Apr 02 02:46:07 +0000 2014,633,2658,True,9543,2079,4,1,0,False,not_related_or_irrelevant,79,0,282
451188802900340736,Wed Apr 02 02:46:07 +0000 2014,1474,999,False,52337,3705,0,1,0,False,sympathy_and_emotional_support,86,0,282
451188813935968256,Wed Apr 02 02:46:10 +0000 2014,908,2064,True,3422,3210,2,2,0,False,not_related_or_irrelevant,47,0,285
451188815143526401,Wed Apr 02 02:46:10 +0000 2014,3937,3647,False,177194,2899,3,1,1,False,sympathy_and_emotional_support,10,0,285
451188822395453440,Wed Apr 02 02:46:12 +0000 2014,6762,1096,True,41980,2947,1,1,1,True,not_related_or_irrelevant,281,0,287
451188824182620160,Wed Apr 02 02:46:13 +0000 2014,1621,698,True,138578,3168,3,1,1,False,sympathy_and_emotional_support,10,0,288
451188826678243328,Wed Apr 02 02:46:13 +0000 2014,1672542,870,False,168409,2606,2,0,0,False,sympathy_and_emotional_support,122,37,288
451188830612492288,Wed Apr 02 02:46:14 +0000 2014,4673,4933,True,88041,3617,0,1,0,False,not_related_or_irrelevant,86,0,289
451188830667038721,Wed Apr 02 02:46:14 +0000 2014,4165,2966,False,236557,2911,2,1,1,False,sympathy_and_emotional_support,362,0,289
451188839668006913,Wed Apr 02 02:46:16 +0000 2014,4838,3156,False,10250,1626,2,2,1,False,not_related_or_irrelevant,7,0,291
451188848241164288,Wed Apr 02 02:46:18 +0000 2014,3488,958,False,16826,2597,1,0,1,False,sympathy_and_emotional_support,0,0,293
451188850350497792,Wed Apr 02 02:46:19 +0000 2014,3170,300,True,1974,1999,2,0,1,False,sympathy_and_emotional_support,0,0,294
451188851264847874,Wed Apr 02 02:46:19 +0000 2014,89,349,True,2560,2275,1,1,0,False,sympathy_and_emotional_support,61,0,294
451188854121586688,Wed Apr 02 02:46:20 +0000 2014,444,299,True,9136,2569,1,1,1,False,sympathy_and_emotional_support,281,0,295
451188857786998784,Wed Apr 02 02:46:21 +0000 2014,426958,2808,True,141012,3364,3,1,0,True,sympathy_and_emotional_support,21,0,296
451188875151417344,Wed Apr 02 02:46:25 +0000 2014,262,409,True,3241,2529,1,2,1,False,not_related_or_irrelevant,37,0,300
451188878905327617,Wed Apr 02 02:46:26 +0000 2014,1882,3149,True,56878,3411,2,1,1,False,not_related_or_irrelevant,362,0,301
451188882458279936,Wed Apr 02 02:46:26 +0000 2014,578,640,True,23858,2957,1,1,1,False,sympathy_and_emotional_support,281,0,301
451188882688581632,Wed Apr 02 02:46:27 +0000 2014,1760,1246,True,24040,2756,2,1,1,False,not_related_or_irrelevant,3,0,302
451188883779510272,Wed Apr 02 02:46:27 +0000 2014,33,77,True,200,3135,1,1,0,False,not_related_or_irrelevant,12,0,302
451188886509604865,Wed Apr 02 02:46:27 +0000 2014,206,1927,True,373,2148,1,2,0,False,sympathy_and_emotional_support,1,0,302
451188888082472961,Wed Apr 02 02:46:28 +0000 2014,929,124,False,234844,3555,1,1,0,False,sympathy_and_emotional_support,122,0,303
451188889126858752,Wed Apr 02 02:46:28 +0000 2014,1267,2181,True,13560,2789,1,1,1,False,not_related_or_irrelevant,281,0,303
451188890817159168,Wed Apr 02 02:46:28 +0000 2014,251,282,False,5269,3065,4,0,0,False,sympathy_and_emotional_support,0,0,303
451188891056209920,Wed Apr 02 02:46:28 +0000 2014,377,33,False,3611,3110,4,0,0,False,not_related_or_irrelevant,1,0,303
451188904679329792,Wed Apr 02 02:46:32 +0000 2014,1725,1762,True,29397,2809,1,1,1,False,not_related_or_irrelevant,128,0,307
451188906461892608,Wed Apr 02 02:46:32 +0000 2014,3139,3893,True,37167,2632,6,0,0,False,sympathy_and_emotional_support,50,0,307
451188917060907008,Wed Apr 02 02:46:35 +0000 2014,528,767,False,18789,3379,2,2,0,False,not_related_or_irrelevant,148,0,310
451188922622550016,Wed Apr 02 02:46:36 +0000 2014,660,915,True,5516,2121,0,1,0,False,not_related_or_irrelevant,4,0,311
451188925642457088,Wed Apr 02 02:46:37 +0000 2014,184,343,True,1648,3292,5,0,0,False,not_related_or_irrelevant,1,0,312
451188927605391360,Wed Apr 02 02:46:37 +0000 2014,6358,3502,False,158791,3792,2,2,0,False,not_related_or_irrelevant,0,0,312
451188930650451968,Wed Apr 02 02:46:38 +0000 2014,139,57,False,4035,2115,2,2,0,False,sympathy_and_emotional_support,148,0,313
451188932588232704,Wed Apr 02 02:46:38 +0000 2014,1052,1938,True,95850,3434,1,1,0,False,sympathy_and_emotional_support,122,0,313
451188933934608384,Wed Apr 02 02:46:39 +0000 2014,1234,1985,True,6070,2491,3,1,0,False,not_related_or_irrelevant,21,0,314
451188934404345857,Wed Apr 02 02:46:39 +0000 2014,154,33,False,22242,1803,3,0,0,False,sympathy_and_emotional_support,0,0,314
451188935813648384,Wed Apr 02 02:46:39 +0000 2014,914,2119,True,13809,3049,1,1,1,False,sympathy_and_emotional_support,281,0,314
451188940544831488,Wed Apr 02 02:46:40 +0000 2014,20432,860,True,3346,1999,0,1,0,True,sympathy_and_emotional_support,86,0,315
451188942394892288,Wed Apr 02 02:46:41 +0000 2014,3231,326,False,4846,1521,1,1,1,False,sympathy_and_emotional_support,281,0,316
451188948132323328,Wed Apr 02 02:46:42 +0000 2014,3548,4999,False,58257,3388,0,1,0,False,not_related_or_irrelevant,86,0,317
451188950086860800,Wed Apr 02 02:46:43 +0000 2014,136,218,False,1382,2256,1,0,0,False,sympathy_and_emotional_support,2,1,318
451188951404269568,Wed Apr 02 02:46:43 +0000 2014,987,1214,False,1553,2763,5,0,0,False,sympathy_and_emotional_support,2,0,318
451188954608717824,Wed Apr 02 02:46:44 +0000 2014,8495,5000,True,66640,2917,2,1,0,False,not_related_or_irrelevant,172,0,319
451188954814222336,Wed Apr 02 02:46:44 +0000 2014,845,2957,False,255735,2308,1,1,0,False,sympathy_and_emotional_support,68,0,319
451188955120037888,Wed Apr 02 02:46:44 +0000 2014,2479,4998,True,127309,3364,4,2,1,False,not_related_or_irrelevant,8,0,319
451188955942109185,Wed Apr 02 02:46:44 +0000 2014,286,234,True,29402,3297,0,1,0,False,sympathy_and_emotional_support,86,0,319
451188958719139840,Wed Apr 02 02:46:45 +0000 2014,3746,1643,False,24009,2779,1,1,0,False,not_related_or_irrelevant,68,0,320
451188960111636480,Wed Apr 02 02:46:45 +0000 2014,1191,830,True,32358,2315,2,0,0,False,sympathy_and_emotional_support,1,0,320
451188969565597696,Wed Apr 02 02:46:47 +0000 2014,1020,2837,False,15670,3560,4,1,0,False,sympathy_and_emotional_support,11,0,322
451188971813339136,Wed Apr 02 02:46:48 +0000 2014,1920,1900,True,143285,1703,1,1,0,False,sympathy_and_emotional_support,122,0,323
451188973705383936,Wed Apr 02 02:46:48 +0000 2014,347,126,True,5845,2530,1,1,0,False,sympathy_and_emotional_support,122,0,323
451188974304759808,Wed Apr 02 02:46:48 +0000 2014,25119,259,False,69841,3373,2,2,1,True,not_related_or_irrelevant,149,0,323
451188983494901760,Wed Apr 02 02:46:51 +0000 2014,533,2713,True,13321,2644,2,1,1,False,sympathy_and_emotional_support,362,0,326
451188989064515584,Wed Apr 02 02:46:52 +0000 2014,4275,1902,False,45209,4078,2,1,0,False,not_related_or_irrelevant,4,0,327
451188992986611713,Wed Apr 02 02:46:53 +0000 2014,1023,3020,True,34821,3449,1,1,0,False,not_related_or_irrelevant,122,0,328
451189005640802304,Wed Apr 02 02:46:56 +0000 2014,505,536,True,22980,2342,1,1,1,False,not_related_or_irrelevant,281,0,331
451189006379016193,Wed Apr 02 02:46:56 +0000 2014,27799,1566,True,148409,3360,0,1,0,True,not_related_or_irrelevant,86,0,331
451189013584416769,Wed Apr 02 02:46:58 +0000 2014,897,890,True,6324,3344,1,2,0,False,sympathy_and_emotional_support,329,0,333
451189013974880256,Wed Apr 02 02:46:58 +0000 2014,837,2182,True,20424,2996,2,1,0,False,sympathy_and_emotional_support,172,0,333
451189015123734528,Wed Apr 02 02:46:58 +0000 2014,160,281,True,643,1900,2,2,1,False,sympathy_and_emotional_support,149,0,333
451189018357538816,Wed Apr 02 02:46:59 +0000 2014,548,602,False,15964,3245,1,1,0,False,sympathy_and_emotional_support,122,0,334
451189021784694784,Wed Apr 02 02:47:00 +0000 2014,8592,149,True,10642,2901,2,1,1,False,sympathy_and_emotional_support,362,0,335
451189027228491777,Wed Apr 02 02:47:01 +0000 2014,17253,308,False,21871,3342,3,1,0,True,sympathy_and_emotional_support,8,4,336
451189027681480704,Wed Apr 02 02:47:01 +0000 2014,8402,1161,False,33001,3479,1,1,1,True,sympathy_and_emotional_support,59,0,336
451189033247313920,Wed Apr 02 02:47:02 +0000 2014,621,720,True,5128,3232,2,0,0,False,sympathy_and_emotional_support,0,0,337
451189037974700034,Wed Apr 02 02:47:04 +0000 2014,362,186,False,34128,2277,2,1,0,False,sympathy_and_emotional_support,1,0,339
451189043712524288,Wed Apr 02 02:47:05 +0000 2014,979,599,False,31451,2037,2,2,0,False,sympathy_and_emotional_support,47,0,340
451189049923891201,Wed Apr 02 02:47:06 +0000 2014,14891,230,True,17751,2685,2,0,1,False,not_related_or_irrelevant,0,0,341
451189051824304128,Wed Apr 02 02:47:07 +0000 2014,2043,1586,False,54592,2564,2,1,1,False,sympathy_and_emotional_support,362,0,342
451189062658174978,Wed Apr 02 02:47:09 +0000 2014,316,309,False,16067,3203,2,1,1,False,sympathy_and_emotional_support,1,0,344
451189063798624256,Wed Apr 02 02:47:10 +0000 2014,127094,9740,True,202912,3316,3,1,0,True,sympathy_and_emotional_support,21,0,345
451189073760505856,Wed Apr 02 02:47:12 +0000 2014,1552,1979,False,148236,3008,0,1,0,False,not_related_or_irrelevant,86,0,347
451189079007588352,Wed Apr 02 02:47:13 +0000 2014,398,596,True,73480,3800,1,1,1,False,sympathy_and_emotional_support,281,0,348
451189080831713280,Wed Apr 02 02:47:14 +0000 2014,1200,2,False,59754,2631,2,0,1,False,not_related_or_irrelevant,0,0,349
451189083734540288,Wed Apr 02 02:47:14 +0000 2014,239228,553,True,290634,3359,2,1,0,True,not_related_or_irrelevant,1,0,349
451189087350059008,Wed Apr 02 02:47:15 +0000 2014,3154,338,False,15053,3364,1,1,0,False,not_related_or_irrelevant,1,1,350
451189089279016960,Wed Apr 02 02:47:16 +0000 2014,4105,3951,False,264103,1938,2,1,0,False,sympathy_and_emotional_support,172,0,351
451189090818334720,Wed Apr 02 02:47:16 +0000 2014,5320,2228,False,4663,1785,2,1,1,False,sympathy_and_emotional_support,124,0,351
451189091359408129,Wed Apr 02 02:47:16 +0000 2014,2655,887,False,8870,3176,2,2,1,False,not_related_or_irrelevant,149,0,351
451189098708205568,Wed Apr 02 02:47:18 +0000 2014,193,563,True,20582,3311,1,1,1,False,sympathy_and_emotional_support,281,0,353
451189100918235137,Wed Apr 02 02:47:19 +0000 2014,10509,10719,False,112348,3462,2,1,0,False,sympathy_and_emotional_support,9,0,354
451189106912264192,Wed Apr 02 02:47:20 +0000 2014,5190,4255,True,9794,1630,1,1,0,False,sympathy_and_emotional_support,68,0,355
451189109147860993,Wed Apr 02 02:47:20 +0000 2014,416,965,False,2167,1938,1,3,0,False,sympathy_and_emotional_support,40,0,355
451189118513741824,Wed Apr 02 02:47:23 +0000 2014,198,974,False,19883,1688,1,2,0,False,sympathy_and_emotional_support,15,0,358
451189118790156288,Wed Apr 02 02:47:23 +0000 2014,443,1875,False,15752,3289,3,0,0,False,sympathy_and_emotional_support,82,0,358
451189133285670912,Wed Apr 02 02:47:26 +0000 2014,262,757,True,19192,2604,1,1,0,False,sympathy_and_emotional_support,122,0,361
451189139179048961,Wed Apr 02 02:47:28 +0000 2014,311,1330,True,8960,2196,2,1,1,False,not_related_or_irrelevant,362,0,363
451189143637610496,Wed Apr 02 02:47:29 +0000 2014,70,267,True,732,3326,1,1,1,False,sympathy_and_emotional_support,281,0,364
451189145596354560,Wed Apr 02 02:47:29 +0000 2014,6619,601,True,142716,3253,1,1,0,False,sympathy_and_emotional_support,122,0,364
451189146779152384,Wed Apr 02 02:47:29 +0000 2014,1099,988,True,14058,3372,1,1,1,False,sympathy_and_emotional_support,54,0,364
451189150499504128,Wed Apr 02 02:47:30 +0000 2014,595,537,False,187930,2483,1,1,1,False,not_related_or_irrelevant,22,0,365
451189164412006401,Wed Apr 02 02:47:34 +0000 2014,1142,592,False,31438,3271,1,1,1,False,not_related_or_irrelevant,281,0,369
451189165376299008,Wed Apr 02 02:47:34 +0000 2014,2966,1564,False,18778,3367,1,1,0,False,sympathy_and_emotional_support,22,0,369
451189166760792065,Wed Apr 02 02:47:34 +0000 2014,369,48,True,68554,2591,4,1,0,False,sympathy_and_emotional_support,28,0,369
451189170342723584,Wed Apr 02 02:47:35 +0000 2014,892,1340,False,1104,3231,2,1,0,False,sympathy_and_emotional_support,0,0,370
451189170741190656,Wed Apr 02 02:47:35 +0000 2014,61769,1862,True,4298,2853,4,0,0,False,not_related_or_irrelevant,0,1,370
451189173123567617,Wed Apr 02 02:47:36 +0000 2014,104506,1216,False,34133,3345,0,1,0,False,not_related_or_irrelevant,83,0,371
451189176004640768,Wed Apr 02 02:47:36 +0000 2014,935,1105,True,3643,2341,2,2,1,False,not_related_or_irrelevant,149,0,371
451189176734474241,Wed Apr 02 02:47:37 +0000 2014,28,83,False,3438,2731,2,1,1,False,sympathy_and_emotional_support,44,0,372
451189179913740288,Wed Apr 02 02:47:37 +0000 2014,1803,2102,True,7618,3302,2,0,1,False,sympathy_and_emotional_support,0,1,372
451189198490316800,Wed Apr 02 02:47:42 +0000 2014,12166,13252,False,374478,1921,10,1,1,False,sympathy_and_emotional_support,82,0,377
451189204161400833,Wed Apr 02 02:47:43 +0000 2014,175595,3958,True,39281,3600,1,1,0,True,sympathy_and_emotional_support,3,0,378
451189208708050944,Wed Apr 02 02:47:44 +0000 2014,84,191,False,19,3308,1,1,0,False,not_related_or_irrelevant,314,0,379
451189210821558272,Wed Apr 02 02:47:45 +0000 2014,698,711,False,189651,3375,2,1,0,False,not_related_or_irrelevant,2,0,380
451189219004645376,Wed Apr 02 02:47:47 +0000 2014,58,71,False,218,2979,3,0,0,False,sympathy_and_emotional_support,0,0,382
451189219034021889,Wed Apr 02 02:47:47 +0000 2014,2150,1852,False,69915,2558,1,1,1,False,sympathy_and_emotional_support,281,0,382
451189221194076160,Wed Apr 02 02:47:47 +0000 2014,94,839,True,4075,2387,2,1,0,False,donation_needs_or_offers_or_volunteering_services,0,0,382
451189221500280832,Wed Apr 02 02:47:47 +0000 2014,369,316,True,28700,2540,2,1,0,False,sympathy_and_emotional_support,12,0,382
451189221924306944,Wed Apr 02 02:47:47 +0000 2014,182,392,True,5904,2871,2,1,0,False,sympathy_and_emotional_support,172,0,382
451189229276909568,Wed Apr 02 02:47:49 +0000 2014,376,403,True,4436,2466,1,1,0,False,sympathy_and_emotional_support,122,0,384
451189229352001539,Wed Apr 02 02:47:49 +0000 2014,4393,3497,True,9483,2235,1,2,1,False,sympathy_and_emotional_support,3,0,384
451189231457533953,Wed Apr 02 02:47:50 +0000 2014,68,114,False,82,2094,2,2,1,False,not_related_or_irrelevant,149,0,385
451189241427419136,Wed Apr 02 02:47:52 +0000 2014,1123,1094,True,9456,1786,1,1,1,False,not_related_or_irrelevant,281,0,387
451189241503289344,Wed Apr 02 02:47:52 +0000 2014,200,237,False,5735,3265,1,0,0,False,donation_needs_or_offers_or_volunteering_services,0,0,387
451189242970910720,Wed Apr 02 02:47:53 +0000 2014,7031,379,True,3037,2509,1,1,0,False,sympathy_and_emotional_support,122,0,388
451189243608829952,Wed Apr 02 02:47:53 +0000 2014,218,105,True,1741,2810,1,1,1,False,not_related_or_irrelevant,281,0,388
451189244053454848,Wed Apr 02 02:47:53 +0000 2014,879,717,True,2270,3358,3,2,1,False,sympathy_and_emotional_support,27,0,388
451189246528090112,Wed Apr 02 02:47:53 +0000 2014,37248,200,False,6136,2099,1,0,0,True,not_related_or_irrelevant,15,2,388
451189247802748928,Wed Apr 02 02:47:54 +0000 2014,119,408,True,2912,3363,2,1,0,False,sympathy_and_emotional_support,172,0,389
451189254350446592,Wed Apr 02 02:47:55 +0000 2014,287,789,True,3811,3296,1,1,1,False,sympathy_and_emotional_support,281,0,390
451189254971219969,Wed Apr 02 02:47:55 +0000 2014,1188,1171,True,52400,3300,1,1,0,False,sympathy_and_emotional_support,122,0,390
451189256678293504,Wed Apr 02 02:47:56 +0000 2014,978,1774,True,107852,3461,1,1,0,False,not_related_or_irrelevant,9,0,391
451189263925649408,Wed Apr 02 02:47:57 +0000 2014,1213,2457,True,2344,3363,2,2,1,False,not_related_or_irrelevant,149,0,392
451189265020375040,Wed Apr 02 02:47:58 +0000 2014,7073,822,False,209208,2630,2,1,0,False,not_related_or_irrelevant,4,0,393
451189268568756224,Wed Apr 02 02:47:58 +0000 2014,417,239,False,17073,2123,1,1,0,False,sympathy_and_emotional_support,122,0,393
451189282850766849,Wed Apr 02 02:48:02 +0000 2014,4724,4480,False,96210,2532,1,1,0,False,sympathy_and_emotional_support,122,0,397
451189284817866752,Wed Apr 02 02:48:02 +0000 2014,391,39,False,3723,2718,1,1,0,False,not_related_or_irrelevant,0,0,397
451189290987696129,Wed Apr 02 02:48:04 +0000 2014,22110,789,False,11007,2276,2,1,1,True,sympathy_and_emotional_support,362,0,399
451189294137622528,Wed Apr 02 02:48:05 +0000 2014,2386,2517,False,49675,2828,2,1,0,False,sympathy_and_emotional_support,172,0,400
451189325024481280,Wed Apr 02 02:48:12 +0000 2014,1434,1488,True,60945,3065,3,2,0,False,sympathy_and_emotional_support,90,0,407
451189334419709952,Wed Apr 02 02:48:14 +0000 2014,1603,2141,True,26072,3235,1,1,0,False,sympathy_and_emotional_support,5,0,409
451189335304327168,Wed Apr 02 02:48:14 +0000 2014,5474,1610,True,74269,3195,2,1,1,False,not_related_or_irrelevant,362,0,409
451189337141805056,Wed Apr 02 02:48:15 +0000 2014,9741,1886,True,9835,3331,1,1,0,False,sympathy_and_emotional_support,0,0,410
451189342611193856,Wed Apr 02 02:48:16 +0000 2014,49,321,True,1329,2700,7,0,0,False,not_related_or_irrelevant,0,0,411
451189344942845952,Wed Apr 02 02:48:17 +0000 2014,80751,80648,True,97376,3186,1,1,0,False,sympathy_and_emotional_support,22,0,412
451189346226302976,Wed Apr 02 02:48:17 +0000 2014,162,164,True,11032,2735,1,1,1,False,not_related_or_irrelevant,281,0,412
451189348713910272,Wed Apr 02 02:48:18 +0000 2014,256,1099,True,3021,3462,1,1,0,False,sympathy_and_emotional_support,57,0,413
451189358914068480,Wed Apr 02 02:48:20 +0000 2014,68,426,False,6425,1932,2,1,0,False,sympathy_and_emotional_support,172,0,415
451189366258679808,Wed Apr 02 02:48:22 +0000 2014,1196,593,False,40420,1632,2,1,1,False,not_related_or_irrelevant,3,0,417
451189367747252224,Wed Apr 02 02:48:22 +0000 2014,1197,2789,False,97040,3267,2,1,0,False,not_related_or_irrelevant,172,0,417
451189372940222464,Wed Apr 02 02:48:23 +0000 2014,368996,1058,False,53667,3602,1,1,1,True,sympathy_and_emotional_support,281,0,418
451189375041548288,Wed Apr 02 02:48:24 +0000 2014,1043,2681,True,11654,3197,2,1,1,False,sympathy_and_emotional_support,362,0,419
451189380942540802,Wed Apr 02 02:48:25 +0000 2014,3867,1660,True,34401,3459,0,1,0,False,sympathy_and_emotional_support,86,0,420
451189383677239296,Wed Apr 02 02:48:26 +0000 2014,169,340,True,3956,2180,1,1,0,False,sympathy_and_emotional_support,15,0,421
451189383715364865,Wed Apr 02 02:48:26 +0000 2014,82,254,False,401,3254,1,1,1,False,not_related_or_irrelevant,281,0,421
451189390920794112,Wed Apr 02 02:48:28 +0000 2014,877,742,True,38924,2908,1,1,0,False,not_related_or_irrelevant,122,0,423
451189396432109568,Wed Apr 02 02:48:29 +0000 2014,158,227,True,9310,2236,2,1,0,False,sympathy_and_emotional_support,172,0,424
451189398785114112,Wed Apr 02 02:48:30 +0000 2014,2199,973,True,80379,2805,1,1,0,False,not_related_or_irrelevant,22,0,425
451189418456805376,Wed Apr 02 02:48:34 +0000 2014,2995,4998,False,142334,3679,1,1,1,False,sympathy_and_emotional_support,281,0,429
451189430565359617,Wed Apr 02 02:48:37 +0000 2014,400,1691,True,9342,3201,1,1,1,False,not_related_or_irrelevant,281,0,432
451189430943240192,Wed Apr 02 02:48:37 +0000 2014,7643,2006,False,8678,3392,4,1,0,True,sympathy_and_emotional_support,1,1,432
451189433597829120,Wed Apr 02 02:48:38 +0000 2014,75,347,True,578,3232,1,1,0,False,sympathy_and_emotional_support,12,0,433
451189435317886977,Wed Apr 02 02:48:38 +0000 2014,5093,1040,True,52498,3240,1,1,0,False,sympathy_and_emotional_support,68,0,433
451189446818283520,Wed Apr 02 02:48:41 +0000 2014,490,348,True,12283,3260,2,1,1,False,sympathy_and_emotional_support,5,0,436
451189450803269633,Wed Apr 02 02:48:42 +0000 2014,2482,1375,False,6856,2355,0,1,0,False,not_related_or_irrelevant,83,0,437
451189451575021569,Wed Apr 02 02:48:42 +0000 2014,4137,1701,False,27826,3254,2,1,1,False,sympathy_and_emotional_support,124,0,437
451189453948997632,Wed Apr 02 02:48:43 +0000 2014,512,913,False,4662,2326,2,1,0,False,not_related_or_irrelevant,1,0,438
451189454347042817,Wed Apr 02 02:48:43 +0000 2014,1309,759,False,1402,3283,2,2,0,False,sympathy_and_emotional_support,24,0,438
451189458319052801,Wed Apr 02 02:48:44 +0000 2014,306,282,False,15003,3210,1,1,0,False,not_related_or_irrelevant,122,0,439
451189459321511937,Wed Apr 02 02:48:44 +0000 2014,7710,1832,True,104497,2234,3,1,1,False,sympathy_and_emotional_support,78,0,439
451189477629640705,Wed Apr 02 02:48:48 +0000 2014,2290,1450,True,15889,2160,1,1,0,False,sympathy_and_emotional_support,11,0,443
451189479697424384,Wed Apr 02 02:48:49 +0000 2014,2454,725,True,9710,3289,4,0,0,True,not_related_or_irrelevant,0,2,444
451189481714900993,Wed Apr 02 02:48:49 +0000 2014,1030,2789,True,60530,3403,1,1,1,False,not_related_or_irrelevant,281,0,444
451189483770089472,Wed Apr 02 02:48:50 +0000 2014,333,302,True,17870,2992,1,1,0,False,not_related_or_irrelevant,129,0,445
451189484063690752,Wed Apr 02 02:48:50 +0000 2014,1666,148,False,38138,2069,4,0,0,False,not_related_or_irrelevant,0,0,445
451189484130824192,Wed Apr 02 02:48:50 +0000 2014,6988,1286,False,80345,3435,1,1,1,True,not_related_or_irrelevant,281,0,445
451189488295743488,Wed Apr 02 02:48:51 +0000 2014,9486,821,True,20799,3367,4,1,0,True,sympathy_and_emotional_support,2,0,446
451189491135700992,Wed Apr 02 02:48:52 +0000 2014,215,780,True,11290,2667,1,2,0,False,sympathy_and_emotional_support,308,0,447
451189498391846912,Wed Apr 02 02:48:53 +0000 2014,204,462,False,151505,2333,1,1,0,False,sympathy_and_emotional_support,122,0,448
451189501042257920,Wed Apr 02 02:48:54 +0000 2014,1339,1650,True,53277,2286,2,1,1,False,sympathy_and_emotional_support,362,0,449
451189503055507456,Wed Apr 02 02:48:54 +0000 2014,1017,2617,True,7311,3342,1,1,0,False,not_related_or_irrelevant,122,0,449
451189505392140288,Wed Apr 02 02:48:55 +0000 2014,440,2715,True,4124,2181,2,1,1,False,sympathy_and_emotional_support,362,0,450
451189507015311360,Wed Apr 02 02:48:55 +0000 2014,978,1774,True,107852,3461,2,1,1,False,sympathy_and_emotional_support,362,0,450
451189508365500417,Wed Apr 02 02:48:56 +0000 2014,305,330,True,3164,2700,2,1,1,False,sympathy_and_emotional_support,362,0,451
451189513138995201,Wed Apr 02 02:48:57 +0000 2014,1234,1163,False,55559,3135,1,1,1,False,sympathy_and_emotional_support,281,0,452
451189514514350080,Wed Apr 02 02:48:57 +0000 2014,2820,3915,True,190382,3363,1,1,0,False,sympathy_and_emotional_support,15,0,452
451189529320632320,Wed Apr 02 02:49:01 +0000 2014,520,877,True,24842,3021,1,1,1,False,sympathy_and_emotional_support,281,0,456
451189531232833539,Wed Apr 02 02:49:01 +0000 2014,557,1960,False,67628,3132,2,0,1,False,sympathy_and_emotional_support,0,0,456
451189531866587137,Wed Apr 02 02:49:01 +0000 2014,627,2316,True,36446,3325,1,1,1,False,sympathy_and_emotional_support,281,0,456
451189532625346560,Wed Apr 02 02:49:01 +0000 2014,1923,501,False,170213,3150,2,2,0,False,not_related_or_irrelevant,0,0,456
451189532872826880,Wed Apr 02 02:49:02 +0000 2014,3205,3493,False,57077,3069,1,1,1,False,not_related_or_irrelevant,37,0,457
451189536115421184,Wed Apr 02 02:49:02 +0000 2014,207,2023,True,2490,2965,2,1,1,False,not_related_or_irrelevant,362,0,457
451189541143990272,Wed Apr 02 02:49:03 +0000 2014,697,1048,False,6554,2624,2,2,0,False,sympathy_and_emotional_support,148,0,458
451189541458546688,Wed Apr 02 02:49:04 +0000 2014,13,70,False,59,1838,1,1,0,False,not_related_or_irrelevant,57,0,459
451189545589960704,Wed Apr 02 02:49:05 +0000 2014,357,483,True,2722,3329,1,1,0,False,not_related_or_irrelevant,146,0,460
451189547284459520,Wed Apr 02 02:49:05 +0000 2014,5174,1877,True,26628,2727,3,0,0,False,sympathy_and_emotional_support,0,0,460
451189549448720384,Wed Apr 02 02:49:05 +0000 2014,364,344,True,5347,2006,2,2,0,False,not_related_or_irrelevant,148,0,460
451189550019125249,Wed Apr 02 02:49:06 +0000 2014,538021,499641,False,36317,3646,4,0,1,False,sympathy_and_emotional_support,7,4,461
451189550262394881,Wed Apr 02 02:49:06 +0000 2014,156,757,True,5639,3387,0,1,0,False,sympathy_and_emotional_support,86,0,461
451189557409480704,Wed Apr 02 02:49:07 +0000 2014,1282,2156,True,21152,3387,0,1,0,False,sympathy_and_emotional_support,83,0,462
451189557812158464,Wed Apr 02 02:49:07 +0000 2014,43,403,True,443,2386,1,1,0,False,sympathy_and_emotional_support,22,0,462
451189558231990272,Wed Apr 02 02:49:08 +0000 2014,560,744,True,202613,3258,2,2,0,False,sympathy_and_emotional_support,148,0,463
451189560282603520,Wed Apr 02 02:49:08 +0000 2014,4253,1347,True,3647,3543,0,1,0,True,sympathy_and_emotional_support,83,0,463
451189562132271104,Wed Apr 02 02:49:08 +0000 2014,78,356,False,709,2268,1,1,1,False,sympathy_and_emotional_support,281,0,463
451189562979532800,Wed Apr 02 02:49:09 +0000 2014,691,630,False,27567,1940,3,0,0,False,not_related_or_irrelevant,0,1,464
451189563289907200,Wed Apr 02 02:49:09 +0000 2014,53219,313,True,91244,3262,2,0,0,True,sympathy_and_emotional_support,2,0,464
451189572567715840,Wed Apr 02 02:49:11 +0000 2014,7710,1832,True,104497,2234,2,1,1,False,not_related_or_irrelevant,354,0,466
451189580520112128,Wed Apr 02 02:49:13 +0000 2014,1376,385,True,28132,3786,0,1,0,False,not_related_or_irrelevant,86,0,468
451189580897587200,Wed Apr 02 02:49:13 +0000 2014,944,329,False,41805,3292,1,0,0,False,sympathy_and_emotional_support,0,0,468
451189582898663426,Wed Apr 02 02:49:13 +0000 2014,1679,2262,True,154850,3411,1,1,0,False,not_related_or_irrelevant,8,0,468
451189583733346304,Wed Apr 02 02:49:14 +0000 2014,392,354,False,656,2201,4,0,0,False,sympathy_and_emotional_support,0,0,469
451189597868158976,Wed Apr 02 02:49:17 +0000 2014,379,280,False,5241,1535,5,1,0,False,sympathy_and_emotional_support,1,0,472
451189604339548161,Wed Apr 02 02:49:19 +0000 2014,1020,802,True,67856,2875,1,1,0,False,not_related_or_irrelevant,1,0,474
451189608303177728,Wed Apr 02 02:49:19 +0000 2014,766,587,True,42964,2135,1,1,0,False,sympathy_and_emotional_support,122,0,474
451189608651313152,Wed Apr 02 02:49:20 +0000 2014,9085,3537,False,77409,3325,4,1,0,False,not_related_or_irrelevant,2,0,475
451189610333237248,Wed Apr 02 02:49:20 +0000 2014,2479,4998,True,127309,3364,3,0,0,False,sympathy_and_emotional_support,82,0,475
451189618982264832,Wed Apr 02 02:49:22 +0000 2014,856,949,False,25561,3266,3,0,0,False,not_related_or_irrelevant,0,0,477
451189623386288128,Wed Apr 02 02:49:23 +0000 2014,356,476,True,7139,2402,2,0,0,False,sympathy_and_emotional_support,0,0,478
451189640012132352,Wed Apr 02 02:49:27 +0000 2014,120,1150,False,2717,3308,2,1,1,False,not_related_or_irrelevant,362,0,482
451189640041865216,Wed Apr 02 02:49:27 +0000 2014,1239,214,False,302667,1694,1,1,1,False,not_related_or_irrelevant,281,0,482
451189640834215937,Wed Apr 02 02:49:27 +0000 2014,120797,1130,True,211369,3537,1,1,0,True,sympathy_and_emotional_support,1,1,482
451189641945690113,Wed Apr 02 02:49:28 +0000 2014,1688,1009,True,19986,3556,0,1,0,True,sympathy_and_emotional_support,86,0,483
451189644382593024,Wed Apr 02 02:49:28 +0000 2014,1539,2264,False,14330,3258,2,1,1,False,sympathy_and_emotional_support,362,0,483
451189644483239936,Wed Apr 02 02:49:28 +0000 2014,618,1309,True,51443,2395,1,0,0,False,not_related_or_irrelevant,0,0,483
451189647574839296,Wed Apr 02 02:49:29 +0000 2014,466,205,True,18399,1957,1,1,1,False,sympathy_and_emotional_support,281,0,484
451189651651719168,Wed Apr 02 02:49:30 +0000 2014,403,528,False,8450,2752,1,1,1,False,sympathy_and_emotional_support,281,0,485
451189656302784512,Wed Apr 02 02:49:31 +0000 2014,2342,2841,False,79219,2406,1,1,0,False,not_related_or_irrelevant,68,0,486
451189656760360960,Wed Apr 02 02:49:31 +0000 2014,379,280,False,5241,1535,7,1,1,False,sympathy_and_emotional_support,3,0,486
451189664771489792,Wed Apr 02 02:49:33 +0000 2014,11912,535,False,5688,3370,1,1,0,False,not_related_or_irrelevant,314,0,488
451189668755697664,Wed Apr 02 02:49:34 +0000 2014,56,336,True,292,2418,1,1,1,False,sympathy_and_emotional_support,10,0,489
451189676028612609,Wed Apr 02 02:49:36 +0000 2014,510,269,False,502,2651,2,1,0,True,sympathy_and_emotional_support,172,0,491
451189676271869953,Wed Apr 02 02:49:36 +0000 2014,191,199,False,9761,1839,3,1,1,False,not_related_or_irrelevant,10,0,491
451189676758409216,Wed Apr 02 02:49:36 +0000 2014,378,1050,True,8725,2652,1,1,0,False,sympathy_and_emotional_support,217,0,491
451189684840828929,Wed Apr 02 02:49:38 +0000 2014,340,2887,False,71262,2313,2,2,0,False,sympathy_and_emotional_support,6,0,493
451189686682136576,Wed Apr 02 02:49:38 +0000 2014,122,267,True,6881,3367,1,1,0,False,sympathy_and_emotional_support,20,0,493
451189687223607296,Wed Apr 02 02:49:38 +0000 2014,270,115,False,206340,2881,1,1,0,False,sympathy_and_emotional_support,3,0,493
451189693045276672,Wed Apr 02 02:49:40 +0000 2014,92,271,True,373,3271,1,1,2,False,sympathy_and_emotional_support,1,0,495
451189693489491968,Wed Apr 02 02:49:40 +0000 2014,6460,720,True,10730,2678,2,0,0,True,not_related_or_irrelevant,2,0,495
451189706659606529,Wed Apr 02 02:49:43 +0000 2014,351,454,False,2362,3291,3,1,0,False,sympathy_and_emotional_support,21,0,498
451189711596302337,Wed Apr 02 02:49:44 +0000 2014,1282,2156,True,21152,3387,2,2,1,False,sympathy_and_emotional_support,149,0,499
451189713052114944,Wed Apr 02 02:49:44 +0000 2014,579,317,True,12288,1781,1,1,0,False,not_related_or_irrelevant,1,0,499
451189715820363776,Wed Apr 02 02:49:45 +0000 2014,1882,4738,True,80199,1801,2,2,0,False,sympathy_and_emotional_support,1,0,500
451189721138335744,Wed Apr 02 02:49:46 +0000 2014,736,1344,True,4551,1731,1,1,0,False,sympathy_and_emotional_support,15,0,501
451189727224287233,Wed Apr 02 02:49:48 +0000 2014,25593,4661,True,19772,3314,3,0,0,True,not_related_or_irrelevant,3,1,503
451189734677553153,Wed Apr 02 02:49:50 +0000 2014,316,570,True,2529,3047,1,1,0,False,not_related_or_irrelevant,0,0,505
451189744861724672,Wed Apr 02 02:49:52 +0000 2014,18546,178,False,20688,2932,2,1,1,False,donation_needs_or_offers_or_volunteering_services,362,0,507
451189750217457664,Wed Apr 02 02:49:53 +0000 2014,57,95,True,65,1736,2,1,0,False,not_related_or_irrelevant,172,0,508
451189754604691457,Wed Apr 02 02:49:54 +0000 2014,220,334,False,11920,2896,3,2,1,False,sympathy_and_emotional_support,227,0,509
451189760329920512,Wed Apr 02 02:49:56 +0000 2014,187,405,False,2012,1752,3,1,1,False,not_related_or_irrelevant,128,0,511
451189760891944960,Wed Apr 02 02:49:56 +0000 2014,900145,196,True,337913,3308,1,0,1,True,not_related_or_irrelevant,6,4,511
451189768240766977,Wed Apr 02 02:49:58 +0000 2014,299,397,True,59228,2751,1,1,1,False,sympathy_and_emotional_support,281,0,513
451189770924732417,Wed Apr 02 02:49:58 +0000 2014,1376,278,True,18060,1647,2,2,0,False,sympathy_and_emotional_support,81,0,513
451189771009032192,Wed Apr 02 02:49:58 +0000 2014,36398,3238,True,18424,3352,4,2,0,True,sympathy_and_emotional_support,1,0,513
451189778462289920,Wed Apr 02 02:50:00 +0000 2014,1447,3566,True,18397,2356,2,2,0,False,sympathy_and_emotional_support,90,0,515
451189781742239744,Wed Apr 02 02:50:01 +0000 2014,37248,200,False,6136,2099,1,0,0,True,sympathy_and_emotional_support,40,3,516
451189786599239680,Wed Apr 02 02:50:02 +0000 2014,825,1585,False,2415,2474,2,1,0,False,not_related_or_irrelevant,11,0,517
451189788985786368,Wed Apr 02 02:50:03 +0000 2014,116930,34480,True,1564,3317,2,1,0,False,sympathy_and_emotional_support,112,155,518
451189795679522816,Wed Apr 02 02:50:04 +0000 2014,1364,2114,True,78961,2147,0,1,0,False,sympathy_and_emotional_support,86,0,519
451189795771781120,Wed Apr 02 02:50:04 +0000 2014,320,1153,True,10186,3421,1,1,0,False,sympathy_and_emotional_support,111,0,519
451189798766907392,Wed Apr 02 02:50:05 +0000 2014,665,866,True,36793,2624,1,1,1,False,not_related_or_irrelevant,36,0,520
451189807411367936,Wed Apr 02 02:50:07 +0000 2014,554,500,True,13924,3061,2,2,0,False,not_related_or_irrelevant,148,0,522
451189808426405890,Wed Apr 02 02:50:07 +0000 2014,3518,2203,True,6043,2750,2,1,0,False,not_related_or_irrelevant,0,0,522
451189811811205120,Wed Apr 02 02:50:08 +0000 2014,165785,277,False,314741,3312,1,1,0,False,sympathy_and_emotional_support,11,0,523
451189822221058048,Wed Apr 02 02:50:11 +0000 2014,247,485,True,7106,2610,1,1,0,False,sympathy_and_emotional_support,122,0,526
451189826919079936,Wed Apr 02 02:50:12 +0000 2014,20,78,False,434,2550,1,1,0,False,sympathy_and_emotional_support,693,0,527
451189834720477185,Wed Apr 02 02:50:13 +0000 2014,2204,3386,True,349803,2731,1,1,0,False,sympathy_and_emotional_support,3,0,528
451189842437632001,Wed Apr 02 02:50:15 +0000 2014,41649,7171,False,24734,3313,1,1,1,True,sympathy_and_emotional_support,3,2,530
451189848045412353,Wed Apr 02 02:50:17 +0000 2014,246,272,False,5142,2363,2,2,0,False,sympathy_and_emotional_support,148,0,532
451189853946793984,Wed Apr 02 02:50:18 +0000 2014,27,193,True,51,1612,2,2,1,False,sympathy_and_emotional_support,149,0,533
451189854647230464,Wed Apr 02 02:50:18 +0000 2014,1980,4992,True,87739,3547,1,1,0,False,sympathy_and_emotional_support,15,0,533
451189855012524032,Wed Apr 02 02:50:18 +0000 2014,212,361,False,13555,3125,2,2,0,False,not_related_or_irrelevant,148,0,533
451189868316459008,Wed Apr 02 02:50:21 +0000 2014,58,160,False,208,1528,2,2,1,False,sympathy_and_emotional_support,149,0,536
451189868316852224,Wed Apr 02 02:50:21 +0000 2014,233,188,True,10799,3196,1,1,0,False,donation_needs_or_offers_or_volunteering_services,122,0,536
451189873383571458,Wed Apr 02 02:50:23 +0000 2014,1032,680,True,283465,3317,1,1,1,False,sympathy_and_emotional_support,22,0,538
451189873782063104,Wed Apr 02 02:50:23 +0000 2014,1841,1699,False,154184,1730,3,2,0,False,not_related_or_irrelevant,8,0,538
451189874809634816,Wed Apr 02 02:50:23 +0000 2014,7870,7611,False,238384,3456,4,1,0,False,sympathy_and_emotional_support,5,0,538
451189888587542528,Wed Apr 02 02:50:26 +0000 2014,15947,4287,False,19340,3376,0,1,0,True,sympathy_and_emotional_support,83,0,541
451189890550878210,Wed Apr 02 02:50:27 +0000 2014,229,329,False,9096,2583,1,1,0,False,not_related_or_irrelevant,57,0,542
451189890948952064,Wed Apr 02 02:50:27 +0000 2014,94,73,True,927,1938,2,0,2,False,sympathy_and_emotional_support,0,0,542
451189894673870848,Wed Apr 02 02:50:28 +0000 2014,256,1099,True,3021,3462,2,1,0,False,sympathy_and_emotional_support,96,0,543
451189901883871232,Wed Apr 02 02:50:30 +0000 2014,280,172,False,4700,1753,2,2,1,False,sympathy_and_emotional_support,10,0,545
451189905691930625,Wed Apr 02 02:50:30 +0000 2014,88054,112,True,22136,2804,2,1,0,True,not_related_or_irrelevant,10,1,545
451189912344088576,Wed Apr 02 02:50:32 +0000 2014,8498,2790,True,34000,4184,1,1,1,True,sympathy_and_emotional_support,281,0,547
451189918476144640,Wed Apr 02 02:50:33 +0000 2014,2444,1395,True,34150,2124,0,1,0,False,not_related_or_irrelevant,83,0,548
451189937707040769,Wed Apr 02 02:50:38 +0000 2014,137,647,False,4541,1775,3,1,0,False,sympathy_and_emotional_support,0,0,553
451189945831813120,Wed Apr 02 02:50:40 +0000 2014,461,2250,False,39745,3390,2,1,1,False,sympathy_and_emotional_support,44,0,555
451189953721294848,Wed Apr 02 02:50:42 +0000 2014,165,239,False,172,1788,1,2,0,False,sympathy_and_emotional_support,112,0,557
451189954321076224,Wed Apr 02 02:50:42 +0000 2014,44,237,False,1184,2689,1,1,1,False,sympathy_and_emotional_support,281,0,557
451189957420265472,Wed Apr 02 02:50:43 +0000 2014,5349,4620,True,32400,2962,5,1,0,False,sympathy_and_emotional_support,0,0,558
451189959383588864,Wed Apr 02 02:50:43 +0000 2014,1470,381,True,19336,2792,2,1,0,False,sympathy_and_emotional_support,172,0,558
451189964395401216,Wed Apr 02 02:50:44 +0000 2014,1730,2802,True,27458,3597,2,1,1,False,sympathy_and_emotional_support,362,0,559
451189970347118593,Wed Apr 02 02:50:46 +0000 2014,1114104,2019,True,57385,3009,2,1,0,True,not_related_or_irrelevant,96,0,561
451189973652226048,Wed Apr 02 02:50:47 +0000 2014,3245,373,False,301241,2963,1,1,1,False,sympathy_and_emotional_support,0,0,562
451189975670083584,Wed Apr 02 02:50:47 +0000 2014,999,946,True,40435,3201,1,1,0,False,not_related_or_irrelevant,5,0,562
451189983836389377,Wed Apr 02 02:50:49 +0000 2014,446,29,True,27998,3246,1,1,1,False,not_related_or_irrelevant,22,0,564
451189989398032384,Wed Apr 02 02:50:50 +0000 2014,698,722,False,2925,2541,2,0,0,False,sympathy_and_emotional_support,2,0,565
451189990207537152,Wed Apr 02 02:50:51 +0000 2014,980,325,True,9001,2124,1,1,0,False,sympathy_and_emotional_support,57,0,566
451189993382625280,Wed Apr 02 02:50:51 +0000 2014,920,1353,False,16813,3680,0,1,0,False,sympathy_and_emotional_support,86,0,566
451189996553531392,Wed Apr 02 02:50:52 +0000 2014,1085,930,False,87818,2509,2,0,1,False,not_related_or_irrelevant,0,0,567
451189998667448322,Wed Apr 02 02:50:53 +0000 2014,81,419,False,6027,1717,2,1,0,False,sympathy_and_emotional_support,172,0,568
451190000227344384,Wed Apr 02 02:50:53 +0000 2014,473,500,True,2798,1872,2,0,0,False,sympathy_and_emotional_support,15,0,568
451190011216801792,Wed Apr 02 02:50:56 +0000 2014,1713,1740,True,62013,3115,1,2,0,False,not_related_or_irrelevant,10,0,571
451190014551273472,Wed Apr 02 02:50:56 +0000 2014,1714,1742,False,59764,1523,1,1,0,False,sympathy_and_emotional_support,40,0,571
451190025049231360,Wed Apr 02 02:50:59 +0000 2014,3306,1141,True,259564,2768,2,1,0,False,not_related_or_irrelevant,3,0,574
451190026802843648,Wed Apr 02 02:50:59 +0000 2014,509,1892,False,15335,2635,2,2,0,False,not_related_or_irrelevant,81,0,574
451190033522130944,Wed Apr 02 02:51:01 +0000 2014,200,897,True,5055,2879,2,1,0,False,not_related_or_irrelevant,172,0,576
451190035673808896,Wed Apr 02 02:51:01 +0000 2014,1285,436,True,14820,3343,2,1,0,False,sympathy_and_emotional_support,0,0,576
451190044368175104,Wed Apr 02 02:51:03 +0000 2014,2821,118,False,10569,1896,3,2,0,False,sympathy_and_emotional_support,1,0,578
451190048881270784,Wed Apr 02 02:51:05 +0000 2014,3521,589,True,6477,3471,5,1,0,False,sympathy_and_emotional_support,2,0,580
451190054476464128,Wed Apr 02 02:51:06 +0000 2014,3966,4980,True,23895,2038,4,0,1,False,sympathy_and_emotional_support,4,0,581
451190055772905472,Wed Apr 02 02:51:06 +0000 2014,274,433,True,4464,2957,2,1,1,False,not_related_or_irrelevant,32,0,581
451190057773576192,Wed Apr 02 02:51:07 +0000 2014,351,437,True,39057,2282,3,2,1,False,not_related_or_irrelevant,14,0,582
451190063544545280,Wed Apr 02 02:51:08 +0000 2014,606,920,True,31479,2607,1,1,0,False,sympathy_and_emotional_support,3,0,583
451190080796110848,Wed Apr 02 02:51:12 +0000 2014,581,1830,True,20947,3378,3,0,0,False,sympathy_and_emotional_support,2,1,587
451190085963493377,Wed Apr 02 02:51:13 +0000 2014,6491,5640,True,262293,3564,1,1,0,False,not_related_or_irrelevant,68,0,588
451190099636543489,Wed Apr 02 02:51:17 +0000 2014,590,1159,True,18088,2753,4,1,0,False,sympathy_and_emotional_support,3,0,592
451190106863730689,Wed Apr 02 02:51:18 +0000 2014,1742,896,False,32743,3427,2,1,1,False,not_related_or_irrelevant,362,0,593
451190119840882688,Wed Apr 02 02:51:21 +0000 2014,2319,2418,True,86160,2879,1,1,1,False,sympathy_and_emotional_support,281,0,596
451190134378336256,Wed Apr 02 02:51:25 +0000 2014,880,2349,True,46058,3268,1,2,0,False,not_related_or_irrelevant,10,0,600
451190135980179458,Wed Apr 02 02:51:25 +0000 2014,5072,5693,True,158181,2691,2,1,0,False,not_related_or_irrelevant,27,0,600
451190136265388032,Wed Apr 02 02:51:25 +0000 2014,153,98,False,268,2210,2,2,1,False,not_related_or_irrelevant,149,0,600
451190143207370752,Wed Apr 02 02:51:27 +0000 2014,253,516,True,952,3073,1,1,0,False,not_related_or_irrelevant,57,0,602
451190160441344002,Wed Apr 02 02:51:31 +0000 2014,114,124,True,6596,2948,2,2,0,False,sympathy_and_emotional_support,148,0,606
451190170021138433,Wed Apr 02 02:51:33 +0000 2014,42,135,True,3847,2632,2,2,0,False,sympathy_and_emotional_support,148,0,608
451190176182968320,Wed Apr 02 02:51:35 +0000 2014,604,639,False,56225,2956,4,1,0,False,not_related_or_irrelevant,28,0,610
451190179936497664,Wed Apr 02 02:51:36 +0000 2014,16296,4181,False,45346,3302,1,1,1,False,not_related_or_irrelevant,0,1,611
451190192372592640,Wed Apr 02 02:51:39 +0000 2014,5381,3502,True,38799,2527,2,1,1,False,not_related_or_irrelevant,3,0,614
451190192947613696,Wed Apr 02 02:51:39 +0000 2014,1273,1763,True,5591,2164,1,1,1,False,sympathy_and_emotional_support,213,0,614
451190197120933888,Wed Apr 02 02:51:40 +0000 2014,250994,490,True,288738,3366,3,0,0,True,sympathy_and_emotional_support,2,0,615
451190204645535744,Wed Apr 02 02:51:42 +0000 2014,1205,5000,True,20141,2047,0,1,0,False,sympathy_and_emotional_support,1,0,617
451190206532947968,Wed Apr 02 02:51:42 +0000 2014,1030,512,True,37954,3286,1,1,1,False,sympathy_and_emotional_support,281,0,617
451190206792601600,Wed Apr 02 02:51:42 +0000 2014,711,1533,True,4787,2664,2,2,1,False,not_related_or_irrelevant,149,0,617
451190208994627584,Wed Apr 02 02:51:43 +0000 2014,408,689,True,46120,2514,1,2,0,False,sympathy_and_emotional_support,10,0,618
451190240821010432,Wed Apr 02 02:51:50 +0000 2014,514,897,False,84003,2572,1,0,0,False,not_related_or_irrelevant,0,0,625
451190241605341185,Wed Apr 02 02:51:50 +0000 2014,4421,654,True,6072,3463,0,1,0,False,sympathy_and_emotional_support,83,0,625
451190249016680448,Wed Apr 02 02:51:52 +0000 2014,607,277,True,9662,3002,3,0,0,False,sympathy_and_emotional_support,4,2,627
451190251080671233,Wed Apr 02 02:51:53 +0000 2014,106329,21413,True,26043,3883,2,1,1,True,sympathy_and_emotional_support,362,0,628
451190274316722176,Wed Apr 02 02:51:58 +0000 2014,262,230,False,7762,1595,2,1,0,False,sympathy_and_emotional_support,172,0,633
451190275856023553,Wed Apr 02 02:51:59 +0000 2014,325,237,False,24951,2717,1,1,0,False,sympathy_and_emotional_support,122,0,634
451190276887834624,Wed Apr 02 02:51:59 +0000 2014,446,901,True,17663,2576,1,1,0,False,not_related_or_irrelevant,122,0,634
451190281090895872,Wed Apr 02 02:52:00 +0000 2014,80,34,False,11014,2404,4,0,1,False,sympathy_and_emotional_support,0,0,635
451190281665130496,Wed Apr 02 02:52:00 +0000 2014,45,152,False,1218,2027,1,1,0,False,sympathy_and_emotional_support,122,0,635
451190283795841025,Wed Apr 02 02:52:01 +0000 2014,1651,1996,True,32819,3114,1,2,0,False,sympathy_and_emotional_support,10,0,636
451190285536464897,Wed Apr 02 02:52:01 +0000 2014,222,493,True,2956,2524,2,1,1,False,sympathy_and_emotional_support,362,0,636
451190288363827200,Wed Apr 02 02:52:02 +0000 2014,39,126,False,170,1811,1,2,0,False,not_related_or_irrelevant,112,0,637
451190297288925185,Wed Apr 02 02:52:04 +0000 2014,478,434,True,29276,2124,1,2,0,False,not_related_or_irrelevant,112,0,639
451190298014539776,Wed Apr 02 02:52:04 +0000 2014,8,62,False,217,2696,1,3,0,False,sympathy_and_emotional_support,0,0,639
451190306554540033,Wed Apr 02 02:52:06 +0000 2014,238,573,True,3765,2840,1,1,1,False,not_related_or_irrelevant,360,0,641
451190307145531392,Wed Apr 02 02:52:06 +0000 2014,8847,1129,True,88860,3288,1,1,0,False,sympathy_and_emotional_support,5,0,641
451190310278684674,Wed Apr 02 02:52:07 +0000 2014,321,1924,True,6956,2097,1,1,1,False,sympathy_and_emotional_support,59,0,642
451190312149729280,Wed Apr 02 02:52:07 +0000 2014,152,195,True,4918,2658,2,1,1,False,sympathy_and_emotional_support,362,0,642
451190313848020993,Wed Apr 02 02:52:08 +0000 2014,526,1066,True,15859,3327,2,2,0,False,not_related_or_irrelevant,148,0,643
451190316289110016,Wed Apr 02 02:52:08 +0000 2014,1298,2383,True,36206,2515,3,1,0,False,sympathy_and_emotional_support,2,0,643
451190317971034113,Wed Apr 02 02:52:09 +0000 2014,698,711,False,189651,3375,2,1,0,False,sympathy_and_emotional_support,4,0,644
451190322199281664,Wed Apr 02 02:52:10 +0000 2014,2097,2256,True,9708,3219,1,0,0,False,not_related_or_irrelevant,0,0,645
451190325466652672,Wed Apr 02 02:52:10 +0000 2014,40003,1226,True,66690,3006,2,1,1,False,sympathy_and_emotional_support,362,0,645
451190335050641409,Wed Apr 02 02:52:13 +0000 2014,83,208,True,1400,3254,4,1,0,False,sympathy_and_emotional_support,28,0,648
451190343493750784,Wed Apr 02 02:52:15 +0000 2014,26,402,False,930,2949,3,1,0,False,sympathy_and_emotional_support,88,0,650
451190348748845056,Wed Apr 02 02:52:16 +0000 2014,3451,3491,False,38970,3448,4,0,1,False,sympathy_and_emotional_support,0,0,651
451190364763074560,Wed Apr 02 02:52:20 +0000 2014,987,1214,False,1553,2763,5,0,1,False,sympathy_and_emotional_support,1,0,655
451190364922068992,Wed Apr 02 02:52:20 +0000 2014,375,1187,True,26582,2876,2,1,1,False,sympathy_and_emotional_support,0,0,655
451190371721433089,Wed Apr 02 02:52:21 +0000 2014,8429,6343,False,134996,2059,4,0,1,False,sympathy_and_emotional_support,0,1,656
451190372111491072,Wed Apr 02 02:52:22 +0000 2014,343,791,True,16600,3360,2,1,0,False,sympathy_and_emotional_support,20,0,657
451190373214593024,Wed Apr 02 02:52:22 +0000 2014,2383,1083,True,28993,1976,4,0,1,False,sympathy_and_emotional_support,1,0,657
451190373231374336,Wed Apr 02 02:52:22 +0000 2014,1361,7,False,4385,2684,4,0,1,False,not_related_or_irrelevant,2,1,657
451190373419732992,Wed Apr 02 02:52:22 +0000 2014,11473,5,True,16572,2741,7,1,0,False,sympathy_and_emotional_support,34,0,657
451190373449494528,Wed Apr 02 02:52:22 +0000 2014,897,2,True,3284,2003,4,0,1,False,not_related_or_irrelevant,0,2,657
451190374175080448,Wed Apr 02 02:52:22 +0000 2014,1551,882,True,17080,1997,4,0,1,False,not_related_or_irrelevant,0,0,657
451190381158604800,Wed Apr 02 02:52:24 +0000 2014,616,990,False,129038,2334,2,0,0,False,sympathy_and_emotional_support,0,0,659
451190382773039104,Wed Apr 02 02:52:24 +0000 2014,510,449,True,32427,2474,1,1,0,False,sympathy_and_emotional_support,133,0,659
451190383637045248,Wed Apr 02 02:52:24 +0000 2014,146,375,True,566,2574,1,0,0,False,sympathy_and_emotional_support,0,0,659
451190391786573825,Wed Apr 02 02:52:26 +0000 2014,194,522,True,957,1520,0,1,0,False,not_related_or_irrelevant,83,0,661
451190393049473024,Wed Apr 02 02:52:27 +0000 2014,7643,2006,False,8678,3392,4,1,0,True,sympathy_and_emotional_support,0,0,662
451190397499224064,Wed Apr 02 02:52:28 +0000 2014,284,479,False,5427,2320,2,2,1,False,not_related_or_irrelevant,149,0,663
451190402112974848,Wed Apr 02 02:52:29 +0000 2014,12809,13387,False,180288,3318,0,1,0,False,sympathy_and_emotional_support,83,0,664
451190408819642368,Wed Apr 02 02:52:30 +0000 2014,660,915,True,5516,2121,2,1,0,False,not_related_or_irrelevant,2,0,665
451190412833611776,Wed Apr 02 02:52:31 +0000 2014,308,1245,False,46557,2885,1,1,0,False,not_related_or_irrelevant,2,0,666
451190416248147968,Wed Apr 02 02:52:32 +0000 2014,4717,3582,True,121540,3667,2,1,0,False,sympathy_and_emotional_support,0,0,667
451190417606717440,Wed Apr 02 02:52:32 +0000 2014,1141,1483,False,31987,2790,2,1,1,False,sympathy_and_emotional_support,0,0,667
451190417988390913,Wed Apr 02 02:52:33 +0000 2014,351,41,True,32094,3257,2,0,0,False,sympathy_and_emotional_support,2,1,668
451190422774501376,Wed Apr 02 02:52:34 +0000 2014,142,144,True,11798,3550,3,1,1,False,not_related_or_irrelevant,298,0,669
451190424523534336,Wed Apr 02 02:52:34 +0000 2014,451,434,True,59593,2666,3,1,0,False,sympathy_and_emotional_support,160,0,669
451190428126425088,Wed Apr 02 02:52:35 +0000 2014,688,313,True,15514,3107,3,1,0,False,not_related_or_irrelevant,2,0,670
451190430256734208,Wed Apr 02 02:52:35 +0000 2014,317,496,True,7681,3282,3,1,0,False,sympathy_and_emotional_support,160,0,670
451190430474842112,Wed Apr 02 02:52:36 +0000 2014,2861,2760,True,66436,3649,1,1,1,False,not_related_or_irrelevant,11,0,671
451190431049842688,Wed Apr 02 02:52:36 +0000 2014,116743,3201,True,329055,3482,2,1,1,True,sympathy_and_emotional_support,1,1,671
451190439140261888,Wed Apr 02 02:52:38 +0000 2014,36802,10898,False,88178,3215,3,0,0,False,sympathy_and_emotional_support,6,1,673
451190446526435328,Wed Apr 02 02:52:39 +0000 2014,1460,2564,True,21958,3701,0,1,0,False,not_related_or_irrelevant,83,0,674
451190447604367360,Wed Apr 02 02:52:40 +0000 2014,1025,1883,True,180383,3126,2,2,0,False,sympathy_and_emotional_support,17,0,675
451190449035030529,Wed Apr 02 02:52:40 +0000 2014,673,1324,True,3755,3041,3,2,0,False,not_related_or_irrelevant,8,0,675
451190452889219072,Wed Apr 02 02:52:41 +0000 2014,45,67,False,516,1522,2,1,0,False,sympathy_and_emotional_support,1,0,676
451190456638926848,Wed Apr 02 02:52:42 +0000 2014,1687,4978,True,17427,3376,1,2,0,False,not_related_or_irrelevant,112,0,677
451190457079324673,Wed Apr 02 02:52:42 +0000 2014,325,237,False,24951,2717,3,1,0,False,not_related_or_irrelevant,160,0,677
451190469696192512,Wed Apr 02 02:52:45 +0000 2014,133,291,True,1976,2210,1,0,0,False,not_related_or_irrelevant,0,0,680
451190473432907776,Wed Apr 02 02:52:46 +0000 2014,2021,2522,False,29152,1616,2,1,0,False,not_related_or_irrelevant,1,0,681
451190482518167552,Wed Apr 02 02:52:48 +0000 2014,161,356,False,56,1521,1,1,1,False,not_related_or_irrelevant,128,0,683
451190484539428864,Wed Apr 02 02:52:48 +0000 2014,208,434,False,2233,2629,4,1,1,False,sympathy_and_emotional_support,4,0,683
451190488662421507,Wed Apr 02 02:52:49 +0000 2014,955,569,False,3465,2318,2,2,1,False,not_related_or_irrelevant,149,0,684
451190489316749312,Wed Apr 02 02:52:50 +0000 2014,583,68,True,60843,2896,3,0,1,False,sympathy_and_emotional_support,0,0,685
451190492110548993,Wed Apr 02 02:52:50 +0000 2014,456,328,True,6156,1768,2,2,0,False,not_related_or_irrelevant,148,0,685
451190492932624386,Wed Apr 02 02:52:50 +0000 2014,855,415,True,163017,3250,1,1,1,False,not_related_or_irrelevant,281,0,685
451190494933307392,Wed Apr 02 02:52:51 +0000 2014,120,321,True,6426,2980,1,1,1,False,sympathy_and_emotional_support,281,0,686
451190495603994624,Wed Apr 02 02:52:51 +0000 2014,356,484,True,5784,3492,1,1,1,False,not_related_or_irrelevant,59,0,686
451190505695899648,Wed Apr 02 02:52:53 +0000 2014,32,141,False,180,1815,1,2,0,False,not_related_or_irrelevant,112,0,688
451190506660188160,Wed Apr 02 02:52:54 +0000 2014,2351,1795,True,12548,3018,3,1,0,False,sympathy_and_emotional_support,14,0,689
451190516718534656,Wed Apr 02 02:52:56 +0000 2014,523,1134,True,5312,2583,1,0,0,False,not_related_or_irrelevant,0,0,691
451190517779267584,Wed Apr 02 02:52:56 +0000 2014,5589,2502,True,58778,3247,1,1,1,True,not_related_or_irrelevant,281,0,691
451190518253629440,Wed Apr 02 02:52:56 +0000 2014,343,332,True,2071,3151,1,0,0,False,not_related_or_irrelevant,0,0,691
451190525161254912,Wed Apr 02 02:52:58 +0000 2014,4278,5003,False,110607,3516,2,2,0,False,not_related_or_irrelevant,0,0,693
451190532220272640,Wed Apr 02 02:53:00 +0000 2014,275,637,True,6755,2448,3,1,0,False,not_related_or_irrelevant,160,0,695
451190532749139969,Wed Apr 02 02:53:00 +0000 2014,828,154,True,19593,2194,4,0,0,False,donation_needs_or_offers_or_volunteering_services,0,1,695
451190538184564736,Wed Apr 02 02:53:01 +0000 2014,776,760,True,3618,2366,2,0,1,False,sympathy_and_emotional_support,0,0,696
451190538197143556,Wed Apr 02 02:53:01 +0000 2014,165,812,False,524,2112,4,0,0,False,sympathy_and_emotional_support,1,0,696
451190540613455872,Wed Apr 02 02:53:02 +0000 2014,1020,2837,False,15670,3560,1,1,0,False,sympathy_and_emotional_support,9,0,697
451190545767886848,Wed Apr 02 02:53:03 +0000 2014,2278,2696,True,42861,3160,3,1,0,False,sympathy_and_emotional_support,160,0,698
451190547450187776,Wed Apr 02 02:53:03 +0000 2014,2840,95,True,27340,2330,3,0,0,True,not_related_or_irrelevant,0,0,698
451190552252276736,Wed Apr 02 02:53:05 +0000 2014,88,290,False,90142,2974,2,2,0,False,donation_needs_or_offers_or_volunteering_services,17,0,700
451190557176791040,Wed Apr 02 02:53:06 +0000 2014,106,103,False,413,3195,4,0,1,False,sympathy_and_emotional_support,0,0,701
451190558468231168,Wed Apr 02 02:53:06 +0000 2014,1053,2495,True,88829,3661,3,1,0,False,donation_needs_or_offers_or_volunteering_services,160,0,701
451190564479049728,Wed Apr 02 02:53:07 +0000 2014,805,275,True,105725,2082,3,1,0,False,not_related_or_irrelevant,160,0,702
451190568136486912,Wed Apr 02 02:53:08 +0000 2014,4262,1920,True,67115,3298,3,1,1,True,sympathy_and_emotional_support,1,0,703
451190603586748416,Wed Apr 02 02:53:17 +0000 2014,830,1908,True,44762,2962,2,1,0,False,not_related_or_irrelevant,172,0,712
451192296512290816,Wed Apr 02 03:00:00 +0000 2014,74,97,False,2559,3284,1,1,1,False,sympathy_and_emotional_support,59,0,1115
451194683025149953,Wed Apr 02 03:09:29 +0000 2014,2202,2327,True,106888,2714,1,1,0,False,sympathy_and_emotional_support,66,0,1684
451190948413046785,Wed Apr 02 02:54:39 +0000 2014,137,308,False,26476,2266,1,1,1,False,not_related_or_irrelevant,59,0,794
451192164605648896,Wed Apr 02 02:59:29 +0000 2014,5763,2875,True,33730,3928,1,1,0,False,not_related_or_irrelevant,693,0,1084
